reef.id,date,nerr.zone,nsf.site,quad.no,organism.type,size,sex,notes
SA1,4/9/19,st.aug,none,2.5,mudcrab,37,m,
SA1,4/9/19,st.aug,none,2.5,mudcrab,24,f,
SA1,4/9/19,st.aug,none,2.5,mudcrab,14,m,
SA1,4/9/19,st.aug,none,5,mudcrab,34,m,
SA1,4/9/19,st.aug,none,5,mudcrab,40,m,
SA1,4/9/19,st.aug,none,7.5,mudcrab,23,f,
SA1,4/9/19,st.aug,none,7.5,mudcrab,19,gf,
SA1,4/9/19,st.aug,none,7.5,mudcrab,14,f,
SA1,4/9/19,st.aug,none,7.5,mudcrab,23,m,
SA1,4/9/19,st.aug,none,7.5,mudcrab,23,f,
SA1,4/9/19,st.aug,none,7.5,mudcrab,34,m,
SA1,4/9/19,st.aug,none,7.5,mudcrab,19,f,
SA1,4/9/19,st.aug,none,10,mudcrab,24,f,
SA1,4/9/19,st.aug,none,12.5,mudcrab,27,f,
SA1,4/9/19,st.aug,none,12.5,mudcrab,26,m,
SA1,4/9/19,st.aug,none,12.5,mudcrab,24,m,
SA1,4/9/19,st.aug,none,15,mudcrab,17,f,
SA1,4/9/19,st.aug,none,15,mudcrab,29,m,
SA1,4/9/19,st.aug,none,15,mudcrab,22,m,
SA1,4/9/19,st.aug,none,15,mudcrab,28,m,
SA1,4/9/19,st.aug,none,15,mudcrab,31,f,
SA1,4/9/19,st.aug,none,15,mudcrab,20,m,
SA1,4/9/19,st.aug,none,15,mudcrab,30,f,
SA1,4/9/19,st.aug,none,15,mudcrab,24,f,
SA1,4/9/19,st.aug,none,15,mudcrab,33,m,
SA1,4/9/19,st.aug,none,15,mudcrab,32,gf,
SA3,4/9/19,st.aug,none,2,mudcrab,19,m,
SA3,4/9/19,st.aug,none,2,mudcrab,21,f,
SA3,4/9/19,st.aug,none,4,mudcrab,26,f,
SA3,4/9/19,st.aug,none,4,mudcrab,23,f,
SA3,4/9/19,st.aug,none,4,mudcrab,24,m,
SA3,4/9/19,st.aug,none,6,mudcrab,28,gf,
SA3,4/9/19,st.aug,none,6,mudcrab,25,gf,
SA3,4/9/19,st.aug,none,6,mudcrab,34,m,
SA3,4/9/19,st.aug,none,8,mudcrab,28,m,
SA3,4/9/19,st.aug,none,8,mudcrab,23,m,
SA3,4/9/19,st.aug,none,10,mudcrab,23,f,
SA3,4/9/19,st.aug,none,10,mudcrab,45,f,
SA3,4/9/19,st.aug,none,12,mudcrab,25,m,
GR2,4/10/19,guana,none,7,mudcrab,26,m,
GR2,4/10/19,guana,none,7,mudcrab,43,f,
GR2,4/10/19,guana,none,7,mudcrab,17,m,
GR2,4/10/19,guana,none,7,mudcrab,20,f,
GR2,4/10/19,guana,none,7,mudcrab,11,gf,
GR2,4/10/19,guana,none,14,mudcrab,36,m,
GR2,4/10/19,guana,none,14,mudcrab,18,m,
GR2,4/10/19,guana,none,14,mudcrab,24,gf,
GR2,4/10/19,guana,none,14,mudcrab,28,m,
GR2,4/10/19,guana,none,14,mudcrab,19,m,
GR2,4/10/19,guana,none,14,mudcrab,23,m,
GR2,4/10/19,guana,none,14,mudcrab,26,m,
GR2,4/10/19,guana,none,14,mudcrab,25,f,
GR2,4/10/19,guana,none,21,mudcrab,20,f,
GR2,4/10/19,guana,none,21,mudcrab,21,m,
GR2,4/10/19,guana,none,21,mudcrab,19,m,
GR2,4/10/19,guana,none,21,mudcrab,19,f,
GR2,4/10/19,guana,none,21,mudcrab,35,m,
GR2,4/10/19,guana,none,21,mudcrab,20,m,
GR2,4/10/19,guana,none,21,mudcrab,26,m,
GR2,4/10/19,guana,none,21,mudcrab,22,m,
GR2,4/10/19,guana,none,21,mudcrab,31,f,
GR2,4/10/19,guana,none,28,mudcrab,28,f,
GR2,4/10/19,guana,none,28,mudcrab,19,m,
GR2,4/10/19,guana,none,28,mudcrab,25,m,
GR2,4/10/19,guana,none,28,mudcrab,22,gf,
GR2,4/10/19,guana,none,28,mudcrab,33,m,
GR2,4/10/19,guana,none,28,mudcrab,20,gf,
GR2,4/10/19,guana,none,28,mudcrab,20,f,
GR2,4/10/19,guana,none,28,mudcrab,19,m,
GR2,4/10/19,guana,none,35,mudcrab,19,m,
GR2,4/10/19,guana,none,35,mudcrab,28,f,
GR2,4/10/19,guana,none,35,mudcrab,35,m,
GR2,4/10/19,guana,none,35,mudcrab,21,f,
GR2,4/10/19,guana,none,42,mudcrab,19,m,
GR2,4/10/19,guana,none,42,mudcrab,25,f,
GR2,4/10/19,guana,none,42,mudcrab,29,m,
GR2,4/10/19,guana,none,42,mudcrab,33,m,
GR2,4/10/19,guana,none,42,mudcrab,23,m,
GR2,4/10/19,guana,none,42,mudcrab,21,m,
SA2,4/11/19,st.aug,none,5,mudcrab,21,f,
SA2,4/11/19,st.aug,none,5,mudcrab,18,m,
SA2,4/11/19,st.aug,none,5,mudcrab,24,m,
SA2,4/11/19,st.aug,none,5,mudcrab,18,m,
SA2,4/11/19,st.aug,none,7.5,mudcrab,17,f,
SA2,4/11/19,st.aug,none,7.5,mudcrab,29,m,
SA2,4/11/19,st.aug,none,7.5,mudcrab,20,f,
SA2,4/11/19,st.aug,none,7.5,mudcrab,17,m,
SA2,4/11/19,st.aug,none,7.5,mudcrab,19,f,
SA2,4/11/19,st.aug,none,7.5,mudcrab,21,gf,
SA2,4/11/19,st.aug,none,10,mudcrab,22,gf,
SA2,4/11/19,st.aug,none,10,mudcrab,16,m,
SA2,4/11/19,st.aug,none,12.5,mudcrab,23,gf,
SA2,4/11/19,st.aug,none,12.5,mudcrab,45,m,
SA2,4/11/19,st.aug,none,12.5,mudcrab,19,m,
SA2,4/11/19,st.aug,none,15,mudcrab,23,gf,
PF1,4/18/19,pellicer,pellicer,8.5,mudcrab,18,f,
PF1,4/18/19,pellicer,pellicer,8.5,mudcrab,22,f,
PF1,4/18/19,pellicer,pellicer,8.5,mudcrab,28,m,
PF1,4/18/19,pellicer,pellicer,8.5,mudcrab,21,f,
PF1,4/18/19,pellicer,pellicer,8.5,mudcrab,17,f,
PF1,4/18/19,pellicer,pellicer,8.5,mudcrab,18,gf,
PF1,4/18/19,pellicer,pellicer,8.5,mudcrab,17,gf,
PF1,4/18/19,pellicer,pellicer,8.5,mudcrab,20,m,
PF1,4/18/19,pellicer,pellicer,17,mudcrab,23,gf,
PF1,4/18/19,pellicer,pellicer,17,mudcrab,21,gf,
PF1,4/18/19,pellicer,pellicer,17,mudcrab,18,gf,
PF1,4/18/19,pellicer,pellicer,17,mudcrab,22,gf,
PF1,4/18/19,pellicer,pellicer,17,mudcrab,18,gf,
PF1,4/18/19,pellicer,pellicer,17,mudcrab,15,m,
PF1,4/18/19,pellicer,pellicer,17,mudcrab,24,f,
PF1,4/18/19,pellicer,pellicer,17,mudcrab,30,m,
PF1,4/18/19,pellicer,pellicer,17,mudcrab,18,f,
PF1,4/18/19,pellicer,pellicer,17,mudcrab,22,m,
PF1,4/18/19,pellicer,pellicer,17,mudcrab,18,m,
PF1,4/18/19,pellicer,pellicer,17,mudcrab,23,f,
PF1,4/18/19,pellicer,pellicer,17,mudcrab,26,f,
PF1,4/18/19,pellicer,pellicer,25.5,mudcrab,16,m,
PF1,4/18/19,pellicer,pellicer,25.5,mudcrab,33,m,
PF1,4/18/19,pellicer,pellicer,25.5,mudcrab,33,m,
PF1,4/18/19,pellicer,pellicer,25.5,mudcrab,20,gf,
PF1,4/18/19,pellicer,pellicer,25.5,mudcrab,25,f,
PF1,4/18/19,pellicer,pellicer,25.5,mudcrab,21,m,
PF1,4/18/19,pellicer,pellicer,25.5,mudcrab,21,m,
PF1,4/18/19,pellicer,pellicer,25.5,mudcrab,17,m,
PF1,4/18/19,pellicer,pellicer,34,mudcrab,23,m,
PF1,4/18/19,pellicer,pellicer,34,mudcrab,22,gf,
PF1,4/18/19,pellicer,pellicer,34,mudcrab,27,gf,
PF1,4/18/19,pellicer,pellicer,34,mudcrab,22,gf,
PF1,4/18/19,pellicer,pellicer,34,mudcrab,18,m,
PF1,4/18/19,pellicer,pellicer,42.5,mudcrab,20,m,
PF1,4/18/19,pellicer,pellicer,42.5,mudcrab,18,f,
PF1,4/18/19,pellicer,pellicer,42.5,mudcrab,20,m,
PF1,4/18/19,pellicer,pellicer,42.5,mudcrab,18,m,
PF1,4/18/19,pellicer,pellicer,42.5,mudcrab,23,m,
PF1,4/18/19,pellicer,pellicer,42.5,mudcrab,22,f,
PF1,4/18/19,pellicer,pellicer,42.5,mudcrab,21,gf,
PF1,4/18/19,pellicer,pellicer,51,mudcrab,21,f,
PF1,4/18/19,pellicer,pellicer,51,mudcrab,16,f,
PF1,4/18/19,pellicer,pellicer,51,mudcrab,19,gf,
PF1,4/18/19,pellicer,pellicer,51,mudcrab,19,m,
PF1,4/18/19,pellicer,pellicer,51,mudcrab,26,m,
PF1,4/18/19,pellicer,pellicer,51,mudcrab,24,gf,
PF1,4/18/19,pellicer,pellicer,51,mudcrab,18,m,
PF1,4/18/19,pellicer,pellicer,51,mudcrab,25,m,
PF1,4/18/19,pellicer,pellicer,51,mudcrab,14,gf,
PF1,4/18/19,pellicer,pellicer,51,mudcrab,23,m,
PF1,4/18/19,pellicer,pellicer,51,mudcrab,18,f,
PF1,4/18/19,pellicer,pellicer,51,mudcrab,17,m,
PF2,4/18/19,pellicer,pellicer,7.5,mudcrab,21,gf,
PF2,4/18/19,pellicer,pellicer,7.5,mudcrab,23,f,
PF2,4/18/19,pellicer,pellicer,7.5,mudcrab,39,m,
PF2,4/18/19,pellicer,pellicer,7.5,mudcrab,32,m,
PF2,4/18/19,pellicer,pellicer,7.5,mudcrab,22,m,
PF2,4/18/19,pellicer,pellicer,7.5,mudcrab,13,f,
PF2,4/18/19,pellicer,pellicer,7.5,mudcrab,19,m,
PF2,4/18/19,pellicer,pellicer,7.5,mudcrab,16,m,
PF2,4/18/19,pellicer,pellicer,7.5,mudcrab,18,m,
PF2,4/18/19,pellicer,pellicer,7.5,mudcrab,14,m,
PF2,4/18/19,pellicer,pellicer,15,mudcrab,26,gf,
PF2,4/18/19,pellicer,pellicer,15,mudcrab,25,m,
PF2,4/18/19,pellicer,pellicer,22.5,mudcrab,18,f,
PF2,4/18/19,pellicer,pellicer,22.5,mudcrab,20,m,
PF2,4/18/19,pellicer,pellicer,22.5,mudcrab,27,m,
PF2,4/18/19,pellicer,pellicer,30,mudcrab,19,gf,
PF2,4/18/19,pellicer,pellicer,30,mudcrab,14,f,
PF2,4/18/19,pellicer,pellicer,37.5,mudcrab,14,f,
PF2,4/18/19,pellicer,pellicer,37.5,mudcrab,13,f,
PF2,4/18/19,pellicer,pellicer,37.5,conch.low,54,NA,
PF2,4/18/19,pellicer,pellicer,45,mudcrab,19,m,
PF2,4/18/19,pellicer,pellicer,45,mudcrab,20,m,
PF2,4/18/19,pellicer,pellicer,45,mudcrab,16,m,
PF2,4/18/19,pellicer,pellicer,45,mudcrab,20,gf,
PFNSF,4/19/19,pellicer,pellicer,5.5,mudcrab,27,f,
PFNSF,4/19/19,pellicer,pellicer,5.5,mudcrab,20,f,
PFNSF,4/19/19,pellicer,pellicer,5.5,mudcrab,21,gf,
PFNSF,4/19/19,pellicer,pellicer,5.5,conch.low,75,NA,
PFNSF,4/19/19,pellicer,pellicer,11,mudcrab,22,gf,
PFNSF,4/19/19,pellicer,pellicer,11,mudcrab,23,gf,
PFNSF,4/19/19,pellicer,pellicer,11,mudcrab,29,m,
PFNSF,4/19/19,pellicer,pellicer,11,mudcrab,18,m,
PFNSF,4/19/19,pellicer,pellicer,11,mudcrab,37,m,
PFNSF,4/19/19,pellicer,pellicer,16.5,mudcrab,20,gf,
PFNSF,4/19/19,pellicer,pellicer,16.5,mudcrab,32,gf,
PFNSF,4/19/19,pellicer,pellicer,16.5,mudcrab,28,m,
PFNSF,4/19/19,pellicer,pellicer,16.5,mudcrab,21,gf,
PFNSF,4/19/19,pellicer,pellicer,16.5,mudcrab,40,m,
PFNSF,4/19/19,pellicer,pellicer,22,mudcrab,21,gf,
PFNSF,4/19/19,pellicer,pellicer,22,mudcrab,20,gf,
PFNSF,4/19/19,pellicer,pellicer,22,mudcrab,24,m,
PFNSF,4/19/19,pellicer,pellicer,22,mudcrab,21,m,
PFNSF,4/19/19,pellicer,pellicer,22,mudcrab,24,m,
PFNSF,4/19/19,pellicer,pellicer,22,mudcrab,19,m,
PFNSF,4/19/19,pellicer,pellicer,27.5,mudcrab,22,f,
PFNSF,4/19/19,pellicer,pellicer,27.5,mudcrab,20,f,
PFNSF,4/19/19,pellicer,pellicer,27.5,mudcrab,28,f,
PFNSF,4/19/19,pellicer,pellicer,27.5,mudcrab,27,m,
PFNSF,4/19/19,pellicer,pellicer,27.5,mudcrab,24,m,
PFNSF,4/19/19,pellicer,pellicer,27.5,mudcrab,22,f,
PFNSF,4/19/19,pellicer,pellicer,27.5,mudcrab,37,m,
PFNSF,4/19/19,pellicer,pellicer,32.5,mudcrab,29,m,
PFNSF,4/19/19,pellicer,pellicer,32.5,mudcrab,41,m,
PFNSF,4/19/19,pellicer,pellicer,32.5,mudcrab,16,f,
PFNSF,4/19/19,pellicer,pellicer,32.5,mudcrab,17,f,
FM1,4/20/19,matanzas,tradewinds,13,mudcrab,17,m,
FM1,4/20/19,matanzas,tradewinds,13,mudcrab,26,m,
FM1,4/20/19,matanzas,tradewinds,13,mudcrab,18,m,
FM1,4/20/19,matanzas,tradewinds,26,mudcrab,19,gf,
FM1,4/20/19,matanzas,tradewinds,26,mudcrab,21,gf,
FM1,4/20/19,matanzas,tradewinds,26,mudcrab,19,m,
FM1,4/20/19,matanzas,tradewinds,26,mudcrab,22,m,
FM1,4/20/19,matanzas,tradewinds,26,mudcrab,25,f,
FM1,4/20/19,matanzas,tradewinds,26,mudcrab,35,m,
FM1,4/20/19,matanzas,tradewinds,26,mudcrab,36,m,
FM1,4/20/19,matanzas,tradewinds,26,mudcrab,19,gf,
FM1,4/20/19,matanzas,tradewinds,39,mudcrab,28,m,
FM1,4/20/19,matanzas,tradewinds,39,mudcrab,17,m,
FM1,4/20/19,matanzas,tradewinds,39,mudcrab,27,m,
FM1,4/20/19,matanzas,tradewinds,39,mudcrab,23,m,
FM1,4/20/19,matanzas,tradewinds,39,mudcrab,18,m,
FM1,4/20/19,matanzas,tradewinds,52,mudcrab,32,gf,
FM1,4/20/19,matanzas,tradewinds,52,mudcrab,25,m,
FM1,4/20/19,matanzas,tradewinds,52,mudcrab,28,m,
FM1,4/20/19,matanzas,tradewinds,52,mudcrab,18,m,
FM1,4/20/19,matanzas,tradewinds,52,mudcrab,19,gf,
FM1,4/20/19,matanzas,tradewinds,65,mudcrab,20,gf,
FM1,4/20/19,matanzas,tradewinds,65,mudcrab,20,f,
FM1,4/20/19,matanzas,tradewinds,65,mudcrab,30,m,
FM1,4/20/19,matanzas,tradewinds,65,mudcrab,20,m,
FM1,4/20/19,matanzas,tradewinds,65,mudcrab,20,m,
FM1,4/20/19,matanzas,tradewinds,78,mudcrab,18,gf,
FM1,4/20/19,matanzas,tradewinds,78,mudcrab,21,m,
FM1,4/20/19,matanzas,tradewinds,78,mudcrab,20,gf,
MA2,4/20/19,matanzas,tradewinds,4,mudcrab,19,f,
MA2,4/20/19,matanzas,tradewinds,4,mudcrab,29,gf,
MA2,4/20/19,matanzas,tradewinds,8,mudcrab,20,f,
MA2,4/20/19,matanzas,tradewinds,8,mudcrab,23,f,
MA2,4/20/19,matanzas,tradewinds,12,mudcrab,39,m,
MA2,4/20/19,matanzas,tradewinds,12,mudcrab,24,m,
MA2,4/20/19,matanzas,tradewinds,12,mudcrab,17,f,
MA2,4/20/19,matanzas,tradewinds,12,mudcrab,15,f,
MA2,4/20/19,matanzas,tradewinds,16,mudcrab,26,m,
MA2,4/20/19,matanzas,tradewinds,16,mudcrab,25,m,
MA2,4/20/19,matanzas,tradewinds,16,mudcrab,19,m,
MA2,4/20/19,matanzas,tradewinds,16,mudcrab,23,m,
MA2,4/20/19,matanzas,tradewinds,16,mudcrab,20,gf,
MA2,4/20/19,matanzas,tradewinds,20,mudcrab,20,gf,
MA2,4/20/19,matanzas,tradewinds,20,mudcrab,23,gf,
MA2,4/20/19,matanzas,tradewinds,20,mudcrab,26,f,
MA2,4/20/19,matanzas,tradewinds,20,mudcrab,23,f,
MA2,4/20/19,matanzas,tradewinds,24,mudcrab,23,gf,
MA2,4/20/19,matanzas,tradewinds,24,mudcrab,17,gf,
MANSF,4/20/19,matanzas,tradewinds,11,mudcrab,20,m,
MANSF,4/20/19,matanzas,tradewinds,11,mudcrab,20,gf,
MANSF,4/20/19,matanzas,tradewinds,11,mudcrab,29,m,
MANSF,4/20/19,matanzas,tradewinds,11,mudcrab,38,m,
MANSF,4/20/19,matanzas,tradewinds,11,mudcrab,25,m,
MANSF,4/20/19,matanzas,tradewinds,22,mudcrab,22,m,
MANSF,4/20/19,matanzas,tradewinds,22,mudcrab,19,m,
MANSF,4/20/19,matanzas,tradewinds,22,mudcrab,20,gf,
MANSF,4/20/19,matanzas,tradewinds,22,mudcrab,21,gf,
MANSF,4/20/19,matanzas,tradewinds,33,mudcrab,22,m,
MANSF,4/20/19,matanzas,tradewinds,44,mudcrab,20,f,
MANSF,4/20/19,matanzas,tradewinds,44,mudcrab,34,gf,
MANSF,4/20/19,matanzas,tradewinds,44,mudcrab,24,m,
MANSF,4/20/19,matanzas,tradewinds,44,mudcrab,23,gf,
MANSF,4/20/19,matanzas,tradewinds,44,mudcrab,36,m,
MANSF,4/20/19,matanzas,tradewinds,44,mudcrab,22,m,
MANSF,4/20/19,matanzas,tradewinds,44,mudcrab,20,gf,
MANSF,4/20/19,matanzas,tradewinds,44,mudcrab,19,m,
MANSF,4/20/19,matanzas,tradewinds,55,mudcrab,26,m,
MANSF,4/20/19,matanzas,tradewinds,55,mudcrab,34,m,
MANSF,4/20/19,matanzas,tradewinds,55,mudcrab,37,m,
MANSF,4/20/19,matanzas,tradewinds,55,mudcrab,18,m,
MANSF,4/20/19,matanzas,tradewinds,55,mudcrab,16,m,
MANSF,4/20/19,matanzas,tradewinds,55,mudcrab,20,f,
MANSF,4/20/19,matanzas,tradewinds,55,mudcrab,21,m,
MANSF,4/20/19,matanzas,tradewinds,55,mudcrab,21,m,
MANSF,4/20/19,matanzas,tradewinds,55,mudcrab,21,m,
MANSF,4/20/19,matanzas,tradewinds,55,mudcrab,21,m,
MANSF,4/20/19,matanzas,tradewinds,55,mudcrab,20,gf,
MANSF,4/20/19,matanzas,tradewinds,66,mudcrab,34,m,
MANSF,4/20/19,matanzas,tradewinds,66,mudcrab,25,gf,
MANSF,4/20/19,matanzas,tradewinds,66,mudcrab,16,m,
MANSF,4/20/19,matanzas,tradewinds,66,mudcrab,21,m,
BU1,4/21/19,butler,moses,11,mudcrab,20,m,
BU1,4/21/19,butler,moses,11,mudcrab,25,m,
BU1,4/21/19,butler,moses,11,mudcrab,18,gf,
BU1,4/21/19,butler,moses,11,mudcrab,20,m,
BU1,4/21/19,butler,moses,11,mudcrab,21,m,
BU1,4/21/19,butler,moses,11,mudcrab,24,m,
BU1,4/21/19,butler,moses,11,mudcrab,32,m,
BU1,4/21/19,butler,moses,11,mudcrab,26,m,
BU1,4/21/19,butler,moses,11,mudcrab,24,m,
BU1,4/21/19,butler,moses,11,mudcrab,16,f,
BU1,4/21/19,butler,moses,11,mudcrab,18,gf,
BU1,4/21/19,butler,moses,11,mudcrab,20,m,
BU1,4/21/19,butler,moses,22,mudcrab,32,m,
BU1,4/21/19,butler,moses,22,mudcrab,34,m,
BU1,4/21/19,butler,moses,22,mudcrab,28,gf,
BU1,4/21/19,butler,moses,22,mudcrab,24,m,
BU1,4/21/19,butler,moses,22,mudcrab,24,m,
BU1,4/21/19,butler,moses,22,mudcrab,22,m,
BU1,4/21/19,butler,moses,22,mudcrab,39,m,
BU1,4/21/19,butler,moses,33,mudcrab,33,m,
BU1,4/21/19,butler,moses,33,mudcrab,30,m,
BU1,4/21/19,butler,moses,33,mudcrab,20,gf,
BU1,4/21/19,butler,moses,33,mudcrab,20,f,
BU1,4/21/19,butler,moses,33,mudcrab,15,gf,
BU1,4/21/19,butler,moses,33,mudcrab,22,m,
BU1,4/21/19,butler,moses,33,mudcrab,36,m,
BU1,4/21/19,butler,moses,33,mudcrab,26,f,
BU1,4/21/19,butler,moses,44,mudcrab,37,m,
BU1,4/21/19,butler,moses,44,mudcrab,37,f,
BU1,4/21/19,butler,moses,44,mudcrab,28,f,
BU1,4/21/19,butler,moses,44,mudcrab,21,m,
BU1,4/21/19,butler,moses,44,mudcrab,23,m,
BU1,4/21/19,butler,moses,44,mudcrab,16,f,
BU1,4/21/19,butler,moses,44,mudcrab,19,gf,
BU1,4/21/19,butler,moses,44,mudcrab,22,f,
BU1,4/21/19,butler,moses,44,mudcrab,20,gf,
BU1,4/21/19,butler,moses,55,mudcrab,27,gf,
BU1,4/21/19,butler,moses,55,mudcrab,35,m,
BU1,4/21/19,butler,moses,55,mudcrab,20,f,
BU1,4/21/19,butler,moses,55,mudcrab,23,gf,
BU1,4/21/19,butler,moses,55,mudcrab,32,m,
BU1,4/21/19,butler,moses,55,mudcrab,21,f,
BU1,4/21/19,butler,moses,55,mudcrab,21,gf,
BU1,4/21/19,butler,moses,55,mudcrab,24,m,
BU1,4/21/19,butler,moses,66,mudcrab,28,gf,
BU1,4/21/19,butler,moses,66,mudcrab,32,gf,
BU1,4/21/19,butler,moses,66,mudcrab,21,m,
BU1,4/21/19,butler,moses,66,mudcrab,37,m,
BU1,4/21/19,butler,moses,66,mudcrab,33,m,
BU1,4/21/19,butler,moses,66,mudcrab,19,f,
BU1,4/21/19,butler,moses,66,mudcrab,21,gf,
BU2,4/21/19,butler,moses,2.5,mudcrab,14,f,
BU2,4/21/19,butler,moses,2.5,mudcrab,14,m,
BU2,4/21/19,butler,moses,2.5,mudcrab,32,m,
BU2,4/21/19,butler,moses,2.5,mudcrab,24,m,
BU2,4/21/19,butler,moses,2.5,mudcrab,15,f,
BU2,4/21/19,butler,moses,2.5,mudcrab,20,f,
BU2,4/21/19,butler,moses,5,mudcrab,20,m,"1 other escaped- ~25, M"
BU2,4/21/19,butler,moses,7.5,mudcrab,20,m,
BU2,4/21/19,butler,moses,7.5,mudcrab,26,m,
BU2,4/21/19,butler,moses,7.5,mudcrab,16,m,
BU2,4/21/19,butler,moses,10,mudcrab,24,m,
BU2,4/21/19,butler,moses,10,mudcrab,27,gf,
BU2,4/21/19,butler,moses,10,mudcrab,21,m,
BU2,4/21/19,butler,moses,10,mudcrab,18,m,
BU2,4/21/19,butler,moses,10,mudcrab,22,gf,
BU2,4/21/19,butler,moses,10,mudcrab,40,m,
BU2,4/21/19,butler,moses,12.5,mudcrab,24,f,
BU2,4/21/19,butler,moses,12.5,mudcrab,19,m,
BU2,4/21/19,butler,moses,12.5,mudcrab,27,m,
BU2,4/21/19,butler,moses,12.5,mudcrab,34,m,
BU2,4/21/19,butler,moses,17,mudcrab,18,f,
BU2,4/21/19,butler,moses,17,mudcrab,19,f,
BU2,4/21/19,butler,moses,17,mudcrab,15,m,
BU2,4/21/19,butler,moses,17,mudcrab,24,m,
BU2,4/21/19,butler,moses,17,mudcrab,36,m,
BUNSF,21-Apr-19,butler,moses,4,mudcrab,20,f,
BUNSF,21-Apr-19,butler,moses,4,mudcrab,26,m,
BUNSF,21-Apr-19,butler,moses,4,mudcrab,31,m,
BUNSF,21-Apr-19,butler,moses,4,mudcrab,25,f,
BUNSF,21-Apr-19,butler,moses,4,mudcrab,21,m,
BUNSF,21-Apr-19,butler,moses,4,mudcrab,20,gf,
BUNSF,21-Apr-19,butler,moses,4,mudcrab,26,m,
BUNSF,21-Apr-19,butler,moses,8,mudcrab,22,m,
BUNSF,21-Apr-19,butler,moses,8,mudcrab,22,gf,
BUNSF,21-Apr-19,butler,moses,8,mudcrab,20,gf,
BUNSF,21-Apr-19,butler,moses,8,mudcrab,31,m,
BUNSF,21-Apr-19,butler,moses,8,mudcrab,28,m,
BUNSF,21-Apr-19,butler,moses,8,mudcrab,25,gf,
BUNSF,21-Apr-19,butler,moses,8,mudcrab,22,gf,
BUNSF,21-Apr-19,butler,moses,8,mudcrab,28,gf,
BUNSF,21-Apr-19,butler,moses,12,mudcrab,21,gf,
BUNSF,21-Apr-19,butler,moses,12,mudcrab,35,m,
BUNSF,21-Apr-19,butler,moses,12,mudcrab,27,m,
BUNSF,21-Apr-19,butler,moses,12,mudcrab,18,f,
BUNSF,21-Apr-19,butler,moses,12,mudcrab,24,gf,
BUNSF,21-Apr-19,butler,moses,12,mudcrab,31,m,
BUNSF,21-Apr-19,butler,moses,12,mudcrab,22,m,
BUNSF,21-Apr-19,butler,moses,16,mudcrab,34,m,
BUNSF,21-Apr-19,butler,moses,16,mudcrab,29,gf,
BUNSF,21-Apr-19,butler,moses,16,mudcrab,32,m,
BUNSF,21-Apr-19,butler,moses,16,mudcrab,25,f,
BUNSF,21-Apr-19,butler,moses,16,mudcrab,22,gf,
BUNSF,21-Apr-19,butler,moses,16,mudcrab,23,m,
BUNSF,21-Apr-19,butler,moses,16,mudcrab,27,m,
BUNSF,21-Apr-19,butler,moses,16,mudcrab,28,gf,
BUNSF,21-Apr-19,butler,moses,20,mudcrab,26,m,
BUNSF,21-Apr-19,butler,moses,20,mudcrab,20,f,
BUNSF,21-Apr-19,butler,moses,20,mudcrab,20,m,
BUNSF,21-Apr-19,butler,moses,20,mudcrab,19,f,
BUNSF,21-Apr-19,butler,moses,20,mudcrab,37,m,
BUNSF,21-Apr-19,butler,moses,20,mudcrab,20,gf,
BUNSF,21-Apr-19,butler,moses,20,mudcrab,20,m,
BUNSF,21-Apr-19,butler,moses,20,mudcrab,17,gf,
BUNSF,21-Apr-19,butler,moses,20,mudcrab,24,m,
BUNSF,21-Apr-19,butler,moses,24,mudcrab,26,gf,
BUNSF,21-Apr-19,butler,moses,24,mudcrab,40,m,
BUNSF,21-Apr-19,butler,moses,24,mudcrab,33,m,
BUNSF,21-Apr-19,butler,moses,24,mudcrab,30,m,
BUNSF,21-Apr-19,butler,moses,24,mudcrab,24,m,
BUNSF,21-Apr-19,butler,moses,24,mudcrab,21,f,
BUNSF,21-Apr-19,butler,moses,24,mudcrab,22,m,
BUNSF,21-Apr-19,butler,moses,24,mudcrab,23,m,
SRN1,4/22/19,salt.non,none,4.5,mudcrab,18,NA,4 mudcrabs lost (15-25 range)
SRN1,4/22/19,salt.non,none,4.5,mudcrab,22,m,
SRN1,4/22/19,salt.non,none,4.5,mudcrab,35,gf,
SRN1,4/22/19,salt.non,none,4.5,mudcrab,38,gf,
SRN1,4/22/19,salt.non,none,4.5,mudcrab,36,f,
SRN1,4/22/19,salt.non,none,4.5,mudcrab,17,f,
SRN1,4/22/19,salt.non,none,9,mudcrab,28,m,2 mudcrabs lost (20-25)
SRN1,4/22/19,salt.non,none,9,mudcrab,25,gf,
SRN1,4/22/19,salt.non,none,9,mudcrab,49,m,
SRN1,4/22/19,salt.non,none,13.5,mudcrab,23,f,
SRN1,4/22/19,salt.non,none,13.5,mudcrab,27,m,
SRN1,4/22/19,salt.non,none,13.5,mudcrab,19,m,
SRN1,4/22/19,salt.non,none,13.5,mudcrab,22,f,
SRN1,4/22/19,salt.non,none,13.5,mudcrab,25,m,
SRN1,4/22/19,salt.non,none,18,mudcrab,23,gf,1 mudcrab escaped (~20)
SRN1,4/22/19,salt.non,none,18,mudcrab,49,m,
SRN1,4/22/19,salt.non,none,18,mudcrab,39,f,
SRN1,4/22/19,salt.non,none,18,mudcrab,23,m,
SRN1,4/22/19,salt.non,none,18,mudcrab,36,m,
SRN1,4/22/19,salt.non,none,22.5,mudcrab,24,m,
SRN1,4/22/19,salt.non,none,22.5,mudcrab,15,gf,
SRN1,4/22/19,salt.non,none,27,mudcrab,25,m,
SRN1,4/22/19,salt.non,none,27,mudcrab,18,f,
SRN1,4/22/19,salt.non,none,27,mudcrab,19,gf,
SRN1,4/22/19,salt.non,none,27,mudcrab,17,f,
SRN2,4/22/19,salt.non,none,5.5,mudcrab,26,m,
SRN2,4/22/19,salt.non,none,11,mudcrab,27,m,
SRN2,4/22/19,salt.non,none,11,mudcrab,23,m,
SRN2,4/22/19,salt.non,none,11,mudcrab,19,m,
SRN2,4/22/19,salt.non,none,11,mudcrab,16,f,
SRN2,4/22/19,salt.non,none,11,mudcrab,15,f,
SRN2,4/22/19,salt.non,none,16.5,mudcrab,33,m,
SRN2,4/22/19,salt.non,none,16.5,mudcrab,23,m,
SRN2,4/22/19,salt.non,none,22,mudcrab,25,m,
SRN2,4/22/19,salt.non,none,22,mudcrab,24,NA,No sex listed
SRN2,4/22/19,salt.non,none,22,mudcrab,26,f,
SRN2,4/22/19,salt.non,none,22,mudcrab,16,m,
SRN2,4/22/19,salt.non,none,27.5,mudcrab,31,gf,
SRN2,4/22/19,salt.non,none,27.5,mudcrab,25,gf,
SRN2,4/22/19,salt.non,none,27.5,mudcrab,22,m,
SRN2,4/22/19,salt.non,none,33,mudcrab,23,f,
SRN2,4/22/19,salt.non,none,33,mudcrab,46,m,
SRN2,4/22/19,salt.non,none,33,mudcrab,28,m,
SRN3,4/22/19,salt.non,none,3,mudcrab,26,m,
SRN3,4/22/19,salt.non,none,3,mudcrab,26,gf,
SRN3,4/22/19,salt.non,none,6,mudcrab,25,m,
SRN3,4/22/19,salt.non,none,6,mudcrab,23,m,
SRN3,4/22/19,salt.non,none,9,mudcrab,24,gf,
SRN3,4/22/19,salt.non,none,9,mudcrab,22,f,
SRN3,4/22/19,salt.non,none,9,mudcrab,25,m,
SRN3,4/22/19,salt.non,none,12,mudcrab,19,gf,
SRN3,4/22/19,salt.non,none,12,mudcrab,29,m,
SRN3,4/22/19,salt.non,none,12,mudcrab,25,m,
SRN3,4/22/19,salt.non,none,12,mudcrab,23,m,
SRN3,4/22/19,salt.non,none,15,mudcrab,23,gf,
SRN3,4/22/19,salt.non,none,15,mudcrab,27,m,
SRN3,4/22/19,salt.non,none,15,mudcrab,19,m,
SRN3,4/22/19,salt.non,none,18,mudcrab,19,m,
SRN3,4/22/19,salt.non,none,18,mudcrab,18,gf,
SRN3,4/22/19,salt.non,none,18,mudcrab,21,gf,
TNH1,5/6/19,tolo.non,none,3.5,mudcrab,25,m,
TNH1,5/6/19,tolo.non,none,3.5,mudcrab,27,m,
TNH1,5/6/19,tolo.non,none,3.5,mudcrab,21,m,
TNH1,5/6/19,tolo.non,none,3.5,mudcrab,35,m,
TNH1,5/6/19,tolo.non,none,7,mudcrab,36,m,
TNH1,5/6/19,tolo.non,none,7,mudcrab,25,m,
TNH1,5/6/19,tolo.non,none,7,mudcrab,28,m,
TNH1,5/6/19,tolo.non,none,7,mudcrab,33,m,
TNH1,5/6/19,tolo.non,none,7,mudcrab,20,gf,
TNH1,5/6/19,tolo.non,none,7,mudcrab,26,m,
TNH1,5/6/19,tolo.non,none,7,mudcrab,17,m,
TNH1,5/6/19,tolo.non,none,7,mudcrab,23,f,
TNH1,5/6/19,tolo.non,none,7,mudcrab,21,m,
TNH1,5/6/19,tolo.non,none,10.5,mudcrab,45,gf,
TNH1,5/6/19,tolo.non,none,10.5,mudcrab,30,m,
TNH1,5/6/19,tolo.non,none,10.5,mudcrab,28,m,
TNH1,5/6/19,tolo.non,none,10.5,mudcrab,20,m,
TNH1,5/6/19,tolo.non,none,10.5,mudcrab,24,m,
TNH1,5/6/19,tolo.non,none,10.5,mudcrab,25,m,
TNH1,5/6/19,tolo.non,none,10.5,mudcrab,21,f,
TNH1,5/6/19,tolo.non,none,10.5,mudcrab,18,f,
TNH1,5/6/19,tolo.non,none,10.5,mudcrab,22,f,
TNH1,5/6/19,tolo.non,none,10.5,mudcrab,22,gf,
TNH1,5/6/19,tolo.non,none,10.5,mudcrab,26,f,
TNH1,5/6/19,tolo.non,none,10.5,mudcrab,23,gf,
TNH1,5/6/19,tolo.non,none,10.5,mudcrab,27,gf,
TNH1,5/6/19,tolo.non,none,10.5,mudcrab,17,m,
TNH1,5/6/19,tolo.non,none,15,mudcrab,22,f,
TNH1,5/6/19,tolo.non,none,15,mudcrab,28,m,
TNH1,5/6/19,tolo.non,none,15,mudcrab,33,gf,
TNH1,5/6/19,tolo.non,none,15,mudcrab,26,m,
TNH1,5/6/19,tolo.non,none,15,mudcrab,26,m,
TNH1,5/6/19,tolo.non,none,15,mudcrab,28,m,
TNH1,5/6/19,tolo.non,none,15,mudcrab,29,m,
TNH1,5/6/19,tolo.non,none,15,mudcrab,19,f,
TNH1,5/6/19,tolo.non,none,15,mudcrab,20,m,
TNH1,5/6/19,tolo.non,none,15,mudcrab,25,f,
TNH1,5/6/19,tolo.non,none,15,mudcrab,26,f,
TNH1,5/6/19,tolo.non,none,15,mudcrab,20,m,
TNH1,5/6/19,tolo.non,none,15,mudcrab,23,m,
TNH1,5/6/19,tolo.non,none,15,mudcrab,14,f,
TNH1,5/6/19,tolo.non,none,15,mudcrab,20,f,
TNH1,5/6/19,tolo.non,none,15,mudcrab,19,f,
TNH1,5/6/19,tolo.non,none,15,mudcrab,21,m,
TNH1,5/6/19,tolo.non,none,15,mudcrab,22,f,
TNH1,5/6/19,tolo.non,none,18.5,mudcrab,36,m,
TNH1,5/6/19,tolo.non,none,18.5,mudcrab,22,f,
TNH1,5/6/19,tolo.non,none,18.5,mudcrab,21,f,
TNH1,5/6/19,tolo.non,none,18.5,mudcrab,17,m,
TNH1,5/6/19,tolo.non,none,18.5,mudcrab,23,m,
TNH1,5/6/19,tolo.non,none,18.5,mudcrab,16,m,
TNH1,5/6/19,tolo.non,none,18.5,mudcrab,22,m,
TNH1,5/6/19,tolo.non,none,22,mudcrab,38,f,
TNH1,5/6/19,tolo.non,none,22,mudcrab,18,gf,
TNH1,5/6/19,tolo.non,none,22,mudcrab,23,gf,
TNH1,5/6/19,tolo.non,none,22,mudcrab,20,f,
TNH1,5/6/19,tolo.non,none,22,mudcrab,42,m,
TNH1,5/6/19,tolo.non,none,22,mudcrab,26,f,
TNH1,5/6/19,tolo.non,none,22,mudcrab,20,gf,
TNH1,5/6/19,tolo.non,none,22,mudcrab,26,f,
TNH1,5/6/19,tolo.non,none,22,mudcrab,21,f,
TNH1,5/6/19,tolo.non,none,22,mudcrab,22,m,
TNH1,5/6/19,tolo.non,none,22,mudcrab,23,m,
TNH1,5/6/19,tolo.non,none,22,mudcrab,21,m,
TNH1,5/6/19,tolo.non,none,22,mudcrab,21,m,
TNH1,5/6/19,tolo.non,none,22,mudcrab,18,m,
TRN2,5/6/19,tolo.non,none,3,mudcrab,33,gf,
TRN2,5/6/19,tolo.non,none,3,mudcrab,18,gf,
TRN2,5/6/19,tolo.non,none,3,mudcrab,46,m,
TRN2,5/6/19,tolo.non,none,3,mudcrab,18,f,
TRN2,5/6/19,tolo.non,none,3,mudcrab,21,f,
TRN2,5/6/19,tolo.non,none,3,mudcrab,15,f,
TRN2,5/6/19,tolo.non,none,3,mudcrab,19,f,
TRN2,5/6/19,tolo.non,none,3,mudcrab,22,m,
TRN2,5/6/19,tolo.non,none,6,mudcrab,30,f,
TRN2,5/6/19,tolo.non,none,6,mudcrab,21,f,
TRN2,5/6/19,tolo.non,none,6,mudcrab,26,f,
TRN2,5/6/19,tolo.non,none,6,mudcrab,22,f,
TRN2,5/6/19,tolo.non,none,6,mudcrab,34,m,
TRN2,5/6/19,tolo.non,none,6,mudcrab,33,m,
TRN2,5/6/19,tolo.non,none,6,mudcrab,22,gf,
TRN2,5/6/19,tolo.non,none,6,mudcrab,22,m,
TRN2,5/6/19,tolo.non,none,6,mudcrab,22,m,
TRN2,5/6/19,tolo.non,none,6,mudcrab,21,f,
TRN2,5/6/19,tolo.non,none,6,mudcrab,21,f,
TRN2,5/6/19,tolo.non,none,6,mudcrab,21,f,
TRN2,5/6/19,tolo.non,none,9,mudcrab,19,f,
TRN2,5/6/19,tolo.non,none,9,mudcrab,22,m,
TRN2,5/6/19,tolo.non,none,9,mudcrab,30,f,
TRN2,5/6/19,tolo.non,none,9,mudcrab,26,m,
TRN2,5/6/19,tolo.non,none,9,mudcrab,27,f,
TRN2,5/6/19,tolo.non,none,9,mudcrab,23,f,
TRN2,5/6/19,tolo.non,none,9,mudcrab,21,m,
TRN2,5/6/19,tolo.non,none,12,mudcrab,35,m,
TRN2,5/6/19,tolo.non,none,12,mudcrab,22,m,
TRN2,5/6/19,tolo.non,none,12,mudcrab,19,f,
TRN2,5/6/19,tolo.non,none,12,mudcrab,20,m,
TRN2,5/6/19,tolo.non,none,12,mudcrab,27,m,
TRN2,5/6/19,tolo.non,none,12,mudcrab,20,f,
TRN2,5/6/19,tolo.non,none,12,mudcrab,24,f,
TRN2,5/6/19,tolo.non,none,12,mudcrab,22,m,
TRN2,5/6/19,tolo.non,none,15,mudcrab,39,m,
TRN2,5/6/19,tolo.non,none,15,mudcrab,28,gf,
TRN2,5/6/19,tolo.non,none,15,mudcrab,21,m,
TRN2,5/6/19,tolo.non,none,15,mudcrab,25,m,
TRN2,5/6/19,tolo.non,none,18,mudcrab,39,m,
TRN2,5/6/19,tolo.non,none,18,mudcrab,24,gf,
TRN2,5/6/19,tolo.non,none,18,mudcrab,40,m,
TRN2,5/6/19,tolo.non,none,18,mudcrab,19,m,
TRN2,5/6/19,tolo.non,none,18,mudcrab,25,f,
TRN2,5/6/19,tolo.non,none,18,mudcrab,29,f,
TRN2,5/6/19,tolo.non,none,18,mudcrab,15,m,
TRN2,5/6/19,tolo.non,none,18,mudcrab,22,m,
TRN2,5/6/19,tolo.non,none,18,mudcrab,21,m,
TRN2,5/6/19,tolo.non,none,18,mudcrab,20,m,
TRN3,5/6/19,tolo.non,none,5,mudcrab,29,m,
TRN3,5/6/19,tolo.non,none,5,mudcrab,21,m,
TRN3,5/6/19,tolo.non,none,5,mudcrab,13,m,
TRN3,5/6/19,tolo.non,none,10,mudcrab,25,m,
TRN3,5/6/19,tolo.non,none,10,mudcrab,15,f,
TRN3,5/6/19,tolo.non,none,15,mudcrab,19,gf,
TRN3,5/6/19,tolo.non,none,15,mudcrab,21,m,
TRN3,5/6/19,tolo.non,none,15,mudcrab,30,m,
TRN3,5/6/19,tolo.non,none,15,mudcrab,17,m,
TRN3,5/6/19,tolo.non,none,15,mudcrab,20,f,
TRN3,5/6/19,tolo.non,none,20,mudcrab,17,f,
TRN3,5/6/19,tolo.non,none,20,mudcrab,20,f,
TRN3,5/6/19,tolo.non,none,20,mudcrab,18,f,
TRN3,5/6/19,tolo.non,none,20,mudcrab,17,m,
TRN3,5/6/19,tolo.non,none,25,mudcrab,27,m,
TRN3,5/6/19,tolo.non,none,25,mudcrab,23,gf,
TRN3,5/6/19,tolo.non,none,25,mudcrab,20,f,
TRN3,5/6/19,tolo.non,none,25,mudcrab,20,m,
TRN3,5/6/19,tolo.non,none,25,mudcrab,21,gf,
TRN3,5/6/19,tolo.non,none,30,mudcrab,45,m,
TRN3,5/6/19,tolo.non,none,30,mudcrab,28,gf,
TRN3,5/6/19,tolo.non,none,30,mudcrab,24,f,
TRN3,5/6/19,tolo.non,none,30,mudcrab,18,f,
GR1,5/7/19,guana,none,1.5,mudcrab,24,m,
GR1,5/7/19,guana,none,1.5,mudcrab,29,m,
GR1,5/7/19,guana,none,1.5,mudcrab,24,m,
GR1,5/7/19,guana,none,1.5,mudcrab,24,m,
GR1,5/7/19,guana,none,1.5,mudcrab,12,f,
GR1,5/7/19,guana,none,1.5,mudcrab,20,m,
GR1,5/7/19,guana,none,1.5,mudcrab,23,f,
GR1,5/7/19,guana,none,1.5,mudcrab,23,f,
GR1,5/7/19,guana,none,1.5,mudcrab,18,f,
GR1,5/7/19,guana,none,3,mudcrab,18,m,
GR1,5/7/19,guana,none,3,mudcrab,20,m,
GR1,5/7/19,guana,none,3,bluecrab,38,m,dead
GR1,5/7/19,guana,none,3,mudcrab,16,m,
GR1,5/7/19,guana,none,3,mudcrab,24,f,
GR1,5/7/19,guana,none,3,mudcrab,20,m,
GR1,5/7/19,guana,none,3,mudcrab,17,m,
GR1,5/7/19,guana,none,4.5,mudcrab,21,f,
GR1,5/7/19,guana,none,4.5,mudcrab,29,f,
GR1,5/7/19,guana,none,4.5,mudcrab,19,f,
GR1,5/7/19,guana,none,6,mudcrab,23,f,
GR1,5/7/19,guana,none,6,mudcrab,22,m,
GR1,5/7/19,guana,none,6,mudcrab,22,f,
GR1,5/7/19,guana,none,6,mudcrab,18,f,
GR1,5/7/19,guana,none,7.5,mudcrab,27,f,
GR1,5/7/19,guana,none,7.5,mudcrab,20,f,
GR1,5/7/19,guana,none,7.5,mudcrab,18,f,
GR1,5/7/19,guana,none,7.5,mudcrab,16,f,
GR1,5/7/19,guana,none,7.5,mudcrab,22,m,
GR1,5/7/19,guana,none,7.5,mudcrab,39,m,
GR1,5/7/19,guana,none,7.5,mudcrab,17,m,
GR1,5/7/19,guana,none,7.5,mudcrab,16,m,
GR1,5/7/19,guana,none,9,mudcrab,40,m,
GR1,5/7/19,guana,none,9,mudcrab,25,f,
GR1,5/7/19,guana,none,9,mudcrab,30,f,
GR1,5/7/19,guana,none,9,mudcrab,19,f,
GR1,5/7/19,guana,none,9,mudcrab,24,m,
GR1,5/7/19,guana,none,9,mudcrab,22,f,
GR3,5/7/19,guana,none,6,mudcrab,16,f,
GR3,5/7/19,guana,none,6,mudcrab,17,m,
GR3,5/7/19,guana,none,6,mudcrab,18,m,
GR3,5/7/19,guana,none,12,bluecrab,56,f,
GR3,5/7/19,guana,none,12,mudcrab,28,gf,
GR3,5/7/19,guana,none,12,mudcrab,18,f,
GR3,5/7/19,guana,none,12,mudcrab,34,m,
GR3,5/7/19,guana,none,12,mudcrab,25,m,
GR3,5/7/19,guana,none,12,mudcrab,25,m,
GR3,5/7/19,guana,none,12,mudcrab,16,m,
GR3,5/7/19,guana,none,12,mudcrab,22,m,
GR3,5/7/19,guana,none,12,mudcrab,21,m,
GR3,5/7/19,guana,none,12,mudcrab,21,m,
GR3,5/7/19,guana,none,12,mudcrab,13,m,
GR3,5/7/19,guana,none,18,mudcrab,36,m,
GR3,5/7/19,guana,none,18,mudcrab,18,m,
GR3,5/7/19,guana,none,18,mudcrab,27,gf,
GR3,5/7/19,guana,none,18,mudcrab,27,m,
GR3,5/7/19,guana,none,18,mudcrab,15,f,
GR3,5/7/19,guana,none,18,mudcrab,28,m,
GR3,5/7/19,guana,none,18,mudcrab,19,f,
GR3,5/7/19,guana,none,18,mudcrab,17,m,
GR3,5/7/19,guana,none,18,mudcrab,15,m,
GR3,5/7/19,guana,none,18,mudcrab,18,m,
GR3,5/7/19,guana,none,24,mudcrab,43,m,
GR3,5/7/19,guana,none,24,mudcrab,24,f,
GR3,5/7/19,guana,none,24,mudcrab,26,m,
GR3,5/7/19,guana,none,24,mudcrab,21,m,
GR3,5/7/19,guana,none,24,mudcrab,24,gf,
GR3,5/7/19,guana,none,24,mudcrab,20,f,
GR3,5/7/19,guana,none,24,mudcrab,17,f,
GR3,5/7/19,guana,none,24,mudcrab,14,m,
GR3,5/7/19,guana,none,24,mudcrab,19,f,
GR3,5/7/19,guana,none,30,mudcrab,26,m,
GR3,5/7/19,guana,none,30,mudcrab,16,f,
GR3,5/7/19,guana,none,30,mudcrab,23,m,
GR3,5/7/19,guana,none,30,mudcrab,27,gf,
GR3,5/7/19,guana,none,30,mudcrab,20,f,
GR3,5/7/19,guana,none,30,mudcrab,20,f,
GR3,5/7/19,guana,none,36,mudcrab,41,m,
GR3,5/7/19,guana,none,36,mudcrab,24,m,
GR3,5/7/19,guana,none,36,mudcrab,22,gf,
GR3,5/7/19,guana,none,36,mudcrab,26,m,
GR3,5/7/19,guana,none,36,mudcrab,19,m,
GR3,5/7/19,guana,none,36,mudcrab,25,f,
GR3,5/7/19,guana,none,36,mudcrab,23,m,
GR3,5/7/19,guana,none,36,mudcrab,26,m,
GR3,5/7/19,guana,none,36,mudcrab,17,m,
PC1,7/22/19,pellicer,pellicer,6,mudcrab,20,m,
PC1,7/22/19,pellicer,pellicer,6,mudcrab,18,m,
PC1,7/22/19,pellicer,pellicer,6,mudcrab,34,gf,
PC1,7/22/19,pellicer,pellicer,6,mudcrab,26,m,
PC1,7/22/19,pellicer,pellicer,6,mudcrab,26,f,
PC1,7/22/19,pellicer,pellicer,6,mudcrab,21,m,
PC1,7/22/19,pellicer,pellicer,6,mudcrab,22,f,
PC1,7/22/19,pellicer,pellicer,6,mudcrab,19,f,
PC1,7/22/19,pellicer,pellicer,6,mudcrab,16,m,
PC1,7/22/19,pellicer,pellicer,6,mudcrab,13,f,
PC1,7/22/19,pellicer,pellicer,6,conch,65,NA,
PC1,7/22/19,pellicer,pellicer,6,conch.low,72,NA,
PC1,7/22/19,pellicer,pellicer,6,conch.low,62,NA,
PC1,7/22/19,pellicer,pellicer,6,conch.low,82,NA,
PC1,7/22/19,pellicer,pellicer,11,mudcrab,31,m,
PC1,7/22/19,pellicer,pellicer,11,mudcrab,26,f,
PC1,7/22/19,pellicer,pellicer,11,mudcrab,31,f,
PC1,7/22/19,pellicer,pellicer,11,mudcrab,25,m,
PC1,7/22/19,pellicer,pellicer,11,mudcrab,22,gf,
PC1,7/22/19,pellicer,pellicer,11,mudcrab,22,m,
PC1,7/22/19,pellicer,pellicer,11,mudcrab,24,f,
PC1,7/22/19,pellicer,pellicer,11,mudcrab,21,m,
PC1,7/22/19,pellicer,pellicer,11,mudcrab,26,f,
PC1,7/22/19,pellicer,pellicer,11,mudcrab,30,m,
PC1,7/22/19,pellicer,pellicer,11,mudcrab,16,m,
PC1,7/22/19,pellicer,pellicer,11,mudcrab,21,m,
PC1,7/22/19,pellicer,pellicer,11,mudcrab,19,f,
PC1,7/22/19,pellicer,pellicer,11,conch,59,NA,
PC1,7/22/19,pellicer,pellicer,11,conch.low,82,NA,
PC1,7/22/19,pellicer,pellicer,11,conch.low,81,NA,
PC1,7/22/19,pellicer,pellicer,11,conch.low,65,NA,
PC1,7/22/19,pellicer,pellicer,11,conch.low,71,NA,
PC1,7/22/19,pellicer,pellicer,16,mudcrab,26,f,
PC1,7/22/19,pellicer,pellicer,16,mudcrab,19,f,
PC1,7/22/19,pellicer,pellicer,16,mudcrab,30,m,
PC1,7/22/19,pellicer,pellicer,16,conch,68,NA,
PC1,7/22/19,pellicer,pellicer,16,conch,64,NA,
PC1,7/22/19,pellicer,pellicer,16,conch,66,NA,
PC1,7/22/19,pellicer,pellicer,16,conch,53,NA,
PC1,7/22/19,pellicer,pellicer,16,conch.low,70,NA,
PC1,7/22/19,pellicer,pellicer,16,conch.low,75,NA,
PC1,7/22/19,pellicer,pellicer,21,mudcrab,22,m,
PC1,7/22/19,pellicer,pellicer,21,mudcrab,19,f,
PC1,7/22/19,pellicer,pellicer,21,mudcrab,19,m,
PC1,7/22/19,pellicer,pellicer,21,conch,69,NA,
PC1,7/22/19,pellicer,pellicer,21,conch,75,NA,
PC1,7/22/19,pellicer,pellicer,21,conch,79,NA,
PC1,7/22/19,pellicer,pellicer,21,conch,82,NA,
PC1,7/22/19,pellicer,pellicer,21,conch,78,NA,
PC1,7/22/19,pellicer,pellicer,21,conch,71,NA,
PC1,7/22/19,pellicer,pellicer,21,conch,72,NA,
PC1,7/22/19,pellicer,pellicer,21,conch,74,NA,
PC1,7/22/19,pellicer,pellicer,21,conch,64,NA,
PC1,7/22/19,pellicer,pellicer,21,conch,66,NA,
PC1,7/22/19,pellicer,pellicer,21,conch,58,NA,
PC1,7/22/19,pellicer,pellicer,21,conch.low,83,NA,
PC1,7/22/19,pellicer,pellicer,26,mudcrab,34,m,
PC1,7/22/19,pellicer,pellicer,26,mudcrab,24,f,
PC1,7/22/19,pellicer,pellicer,26,mudcrab,17,f,
PC1,7/22/19,pellicer,pellicer,26,mudcrab,19,f,
PC1,7/22/19,pellicer,pellicer,26,mudcrab,21,f,
PC1,7/22/19,pellicer,pellicer,26,conch,67,NA,
PC1,7/22/19,pellicer,pellicer,26,conch,63,NA,
PC1,7/22/19,pellicer,pellicer,26,conch.low,72,NA,
PC1,7/22/19,pellicer,pellicer,31,mudcrab,23,f,
PC1,7/22/19,pellicer,pellicer,31,mudcrab,20,m,
PC1,7/22/19,pellicer,pellicer,31,mudcrab,22,f,
PC1,7/22/19,pellicer,pellicer,31,mudcrab,17,f,
PC1,7/22/19,pellicer,pellicer,31,mudcrab,17,f,
PC1,7/22/19,pellicer,pellicer,31,mudcrab,18,m,
PC1,7/22/19,pellicer,pellicer,31,conch,73,NA,
PC1,7/22/19,pellicer,pellicer,31,conch,74,NA,
PC1,7/22/19,pellicer,pellicer,31,conch,77,NA,
PC1,7/22/19,pellicer,pellicer,31,conch.low,67,NA,
PC1,7/22/19,pellicer,pellicer,31,conch.low,68,NA,
PC1,7/22/19,pellicer,pellicer,31,conch.low,75,NA,
PC2,7/22/19,pellicer,pellicer,9,mudcrab,22,f,
PC2,7/22/19,pellicer,pellicer,9,mudcrab,29,f,
PC2,7/22/19,pellicer,pellicer,9,conch.low,87,NA,
PC2,7/22/19,pellicer,pellicer,9,conch.low,85,NA,
PC2,7/22/19,pellicer,pellicer,9,conch.low,91,NA,
PC2,7/22/19,pellicer,pellicer,9,conch.low,79,NA,
PC2,7/22/19,pellicer,pellicer,9,conch.low,79,NA,
PC2,7/22/19,pellicer,pellicer,9,conch.low,72,NA,
PC2,7/22/19,pellicer,pellicer,17,mudcrab,25,m,
PC2,7/22/19,pellicer,pellicer,17,mudcrab,30,f,
PC2,7/22/19,pellicer,pellicer,17,mudcrab,26,m,
PC2,7/22/19,pellicer,pellicer,17,mudcrab,36,m,
PC2,7/22/19,pellicer,pellicer,17,mudcrab,21,f,
PC2,7/22/19,pellicer,pellicer,17,conch.low,81,NA,lower quadrat overlapped w/
PC2,7/22/19,pellicer,pellicer,25,mudcrab,28,gf,CC egg cases
PC2,7/22/19,pellicer,pellicer,25,mudcrab,24,f,CC egg cases
PC2,7/22/19,pellicer,pellicer,25,mudcrab,19,m,CC egg cases
PC2,7/22/19,pellicer,pellicer,25,mudcrab,19,f,CC egg cases
PC2,7/22/19,pellicer,pellicer,25,mudcrab,14,m,CC egg cases
PC2,7/22/19,pellicer,pellicer,33,mudcrab,25,f,
PC2,7/22/19,pellicer,pellicer,33,mudcrab,17,m,
PC2,7/22/19,pellicer,pellicer,33,mudcrab,19,gf,
PC2,7/22/19,pellicer,pellicer,33,conch.low,73,NA,
PC2,7/22/19,pellicer,pellicer,41,mudcrab,31,m,
PC2,7/22/19,pellicer,pellicer,41,mudcrab,25,m,
PC2,7/22/19,pellicer,pellicer,41,mudcrab,18,m,
PC2,7/22/19,pellicer,pellicer,41,conch,81,NA,
PC2,7/22/19,pellicer,pellicer,49,mudcrab,29,gf,
PC2,7/22/19,pellicer,pellicer,49,mudcrab,30,m,
PC2,7/22/19,pellicer,pellicer,49,mudcrab,25,m,
PC2,7/22/19,pellicer,pellicer,49,mudcrab,25,f,
PC2,7/22/19,pellicer,pellicer,49,mudcrab,18,f,
PC2,7/22/19,pellicer,pellicer,49,mudcrab,25,m,
PC2,7/22/19,pellicer,pellicer,49,mudcrab,21,f,
PC2,7/22/19,pellicer,pellicer,49,mudcrab,15,m,
PC2,7/22/19,pellicer,pellicer,49,mudcrab,14,m,
PC2,7/22/19,pellicer,pellicer,49,conch,74,NA,
PC3,7/22/19,pellicer,pellicer,5,mudcrab,18,f,
PC3,7/22/19,pellicer,pellicer,5,mudcrab,49,m,
PC3,7/22/19,pellicer,pellicer,5,mudcrab,36,m,
PC3,7/22/19,pellicer,pellicer,5,mudcrab,25,m,
PC3,7/22/19,pellicer,pellicer,5,mudcrab,21,f,
PC3,7/22/19,pellicer,pellicer,5,mudcrab,17,m,
PC3,7/22/19,pellicer,pellicer,5,mudcrab,32,m,
PC3,7/22/19,pellicer,pellicer,5,mudcrab,22,gf,
PC3,7/22/19,pellicer,pellicer,5,mudcrab,21,gf,
PC3,7/22/19,pellicer,pellicer,5,mudcrab,20,gf,
PC3,7/22/19,pellicer,pellicer,5,mudcrab,20,m,
PC3,7/22/19,pellicer,pellicer,5,mudcrab,31,m,
PC3,7/22/19,pellicer,pellicer,5,mudcrab,20,m,
PC3,7/22/19,pellicer,pellicer,5,mudcrab,24,gf,
PC3,7/22/19,pellicer,pellicer,5,mudcrab,22,gf,
PC3,7/22/19,pellicer,pellicer,5,mudcrab,24,m,
PC3,7/22/19,pellicer,pellicer,5,conch,73,NA,
PC3,7/22/19,pellicer,pellicer,5,conch,69,NA,
PC3,7/22/19,pellicer,pellicer,5,conch,51,NA,
PC3,7/22/19,pellicer,pellicer,5,conch,64,NA,
PC3,7/22/19,pellicer,pellicer,5,conch,68,NA,
PC3,7/22/19,pellicer,pellicer,5,conch,76,NA,
PC3,7/22/19,pellicer,pellicer,5,conch,63,NA,
PC3,7/22/19,pellicer,pellicer,5,conch,65,NA,
PC3,7/22/19,pellicer,pellicer,5,conch,71,NA,
PC3,7/22/19,pellicer,pellicer,5,conch,73,NA,
PC3,7/22/19,pellicer,pellicer,5,conch,69,NA,
PC3,7/22/19,pellicer,pellicer,5,conch.low,73,NA,
PC3,7/22/19,pellicer,pellicer,9,mudcrab,20,gf,
PC3,7/22/19,pellicer,pellicer,9,mudcrab,22,m,
PC3,7/22/19,pellicer,pellicer,9,mudcrab,18,m,
PC3,7/22/19,pellicer,pellicer,9,mudcrab,14,m,
PC3,7/22/19,pellicer,pellicer,9,mudcrab,24,gf,
PC3,7/22/19,pellicer,pellicer,9,mudcrab,24,m,
PC3,7/22/19,pellicer,pellicer,9,mudcrab,20,f,
PC3,7/22/19,pellicer,pellicer,9,mudcrab,22,f,
PC3,7/22/19,pellicer,pellicer,9,conch,62,NA,
PC3,7/22/19,pellicer,pellicer,9,conch,74,NA,
PC3,7/22/19,pellicer,pellicer,9,conch,64,NA,
PC3,7/22/19,pellicer,pellicer,9,conch,61,NA,
PC3,7/22/19,pellicer,pellicer,9,conch.low,77,NA,
PC3,7/22/19,pellicer,pellicer,13,mudcrab,21,f,
PC3,7/22/19,pellicer,pellicer,13,mudcrab,26,m,
PC3,7/22/19,pellicer,pellicer,13,mudcrab,19,m,
PC3,7/22/19,pellicer,pellicer,13,mudcrab,17,m,
PC3,7/22/19,pellicer,pellicer,13,conch,76,NA,
PC3,7/22/19,pellicer,pellicer,13,conch,69,NA,
PC3,7/22/19,pellicer,pellicer,13,conch,72,NA,
PC3,7/22/19,pellicer,pellicer,13,conch,75,NA,
PC3,7/22/19,pellicer,pellicer,13,conch.low,76,NA,
PC3,7/22/19,pellicer,pellicer,13,conch.low,59,NA,
PC3,7/22/19,pellicer,pellicer,13,conch.low,70,NA,
PC3,7/22/19,pellicer,pellicer,13,conch.low,69,NA,
PC3,7/22/19,pellicer,pellicer,13,conch.low,64,NA,
PC3,7/22/19,pellicer,pellicer,17,mudcrab,18,m,
PC3,7/22/19,pellicer,pellicer,17,mudcrab,22,f,
PC3,7/22/19,pellicer,pellicer,17,mudcrab,27,m,
PC3,7/22/19,pellicer,pellicer,17,mudcrab,23,f,
PC3,7/22/19,pellicer,pellicer,17,mudcrab,23,m,
PC3,7/22/19,pellicer,pellicer,17,mudcrab,24,m,
PC3,7/22/19,pellicer,pellicer,17,mudcrab,16,m,
PC3,7/22/19,pellicer,pellicer,17,mudcrab,17,m,
PC3,7/22/19,pellicer,pellicer,17,conch,63,NA,
PC3,7/22/19,pellicer,pellicer,17,conch,76,NA,
PC3,7/22/19,pellicer,pellicer,17,conch,80,NA,
PC3,7/22/19,pellicer,pellicer,17,conch,72,NA,
PC3,7/22/19,pellicer,pellicer,17,conch,70,NA,
PC3,7/22/19,pellicer,pellicer,17,conch,74,NA,
PC3,7/22/19,pellicer,pellicer,17,conch,76,NA,
PC3,7/22/19,pellicer,pellicer,17,conch,59,NA,
PC3,7/22/19,pellicer,pellicer,17,conch,72,NA,
PC3,7/22/19,pellicer,pellicer,17,conch,65,NA,
PC3,7/22/19,pellicer,pellicer,17,conch,69,NA,
PC3,7/22/19,pellicer,pellicer,17,conch.low,72,NA,
PC3,7/22/19,pellicer,pellicer,17,conch.low,73,NA,
PC3,7/22/19,pellicer,pellicer,17,conch.low,72,NA,
PC3,7/22/19,pellicer,pellicer,21,mudcrab,24,m,
PC3,7/22/19,pellicer,pellicer,21,mudcrab,34,f,
PC3,7/22/19,pellicer,pellicer,21,mudcrab,30,m,
PC3,7/22/19,pellicer,pellicer,21,mudcrab,19,gf,
PC3,7/22/19,pellicer,pellicer,21,mudcrab,20,f,
PC3,7/22/19,pellicer,pellicer,21,mudcrab,27,m,
PC3,7/22/19,pellicer,pellicer,21,mudcrab,16,m,
PC3,7/22/19,pellicer,pellicer,21,mudcrab,25,m,
PC3,7/22/19,pellicer,pellicer,21,mudcrab,18,f,
PC3,7/22/19,pellicer,pellicer,21,mudcrab,15,f,
PC3,7/22/19,pellicer,pellicer,21,mudcrab,16,f,
PC3,7/22/19,pellicer,pellicer,21,conch,68,NA,
PC3,7/22/19,pellicer,pellicer,21,conch,64,NA,
PC3,7/22/19,pellicer,pellicer,21,conch,65,NA,
PC3,7/22/19,pellicer,pellicer,21,conch,68,NA,
PC3,7/22/19,pellicer,pellicer,21,conch,73,NA,
PC3,7/22/19,pellicer,pellicer,21,conch,70,NA,
PC3,7/22/19,pellicer,pellicer,21,conch,66,NA,
PC3,7/22/19,pellicer,pellicer,21,conch,65,NA,
PC3,7/22/19,pellicer,pellicer,21,conch.low,66,NA,
PC3,7/22/19,pellicer,pellicer,21,conch.low,76,NA,
PC3,7/22/19,pellicer,pellicer,21,conch.low,74,NA,
PC3,7/22/19,pellicer,pellicer,21,conch.low,62,NA,
PC3,7/22/19,pellicer,pellicer,25,mudcrab,41,m,
PC3,7/22/19,pellicer,pellicer,25,mudcrab,13,f,
PC3,7/22/19,pellicer,pellicer,25,mudcrab,34,m,
PC3,7/22/19,pellicer,pellicer,25,mudcrab,30,f,
PC3,7/22/19,pellicer,pellicer,25,mudcrab,21,m,
PC3,7/22/19,pellicer,pellicer,25,mudcrab,17,f,
PC3,7/22/19,pellicer,pellicer,25,conch,73,NA,
PC3,7/22/19,pellicer,pellicer,25,conch,70,NA,
PC3,7/22/19,pellicer,pellicer,25,conch,72,NA,
PC3,7/22/19,pellicer,pellicer,25,conch,72,NA,
PC3,7/22/19,pellicer,pellicer,25,conch,63,NA,
PC3,7/22/19,pellicer,pellicer,25,conch,65,NA,
PC3,7/22/19,pellicer,pellicer,25,conch,75,NA,
PC3,7/22/19,pellicer,pellicer,25,conch,61,NA,
PC3,7/22/19,pellicer,pellicer,25,conch,71,NA,
PC3,7/22/19,pellicer,pellicer,25,conch,70,NA,
PC3,7/22/19,pellicer,pellicer,25,conch,84,NA,
PC3,7/22/19,pellicer,pellicer,25,conch,74,NA,
PC3,7/22/19,pellicer,pellicer,25,conch,70,NA,
PC3,7/22/19,pellicer,pellicer,25,conch,68,NA,
PC3,7/22/19,pellicer,pellicer,25,conch,55,NA,
PC3,7/22/19,pellicer,pellicer,25,conch,69,NA,
PC3,7/22/19,pellicer,pellicer,25,conch,73,NA,
PC3,7/22/19,pellicer,pellicer,25,conch,61,NA,
PC3,7/22/19,pellicer,pellicer,25,conch,68,NA,
PC3,7/22/19,pellicer,pellicer,25,conch.low,72,NA,
MT1,7/23/19,matanzas,tradewinds,10,mudcrab,25,m,
MT1,7/23/19,matanzas,tradewinds,10,mudcrab,27,f,
MT1,7/23/19,matanzas,tradewinds,10,mudcrab,25,f,
MT1,7/23/19,matanzas,tradewinds,10,mudcrab,27,m,
MT1,7/23/19,matanzas,tradewinds,10,mudcrab,30,m,
MT1,7/23/19,matanzas,tradewinds,10,mudcrab,23,m,
MT1,7/23/19,matanzas,tradewinds,10,mudcrab,19,m,
MT1,7/23/19,matanzas,tradewinds,10,mudcrab,18,m,
MT1,7/23/19,matanzas,tradewinds,10,mudcrab,17,f,
MT1,7/23/19,matanzas,tradewinds,10,mudcrab,18,f,
MT1,7/23/19,matanzas,tradewinds,10,mudcrab,21,m,
MT1,7/23/19,matanzas,tradewinds,10,mudcrab,19,m,
MT1,7/23/19,matanzas,tradewinds,19,mudcrab,30,m,
MT1,7/23/19,matanzas,tradewinds,19,mudcrab,20,m,
MT1,7/23/19,matanzas,tradewinds,19,mudcrab,15,f,
MT1,7/23/19,matanzas,tradewinds,19,mudcrab,15,f,
MT1,7/23/19,matanzas,tradewinds,28,mudcrab,29,m,
MT1,7/23/19,matanzas,tradewinds,28,mudcrab,21,m,
MT1,7/23/19,matanzas,tradewinds,28,mudcrab,15,f,
MT1,7/23/19,matanzas,tradewinds,28,mudcrab,16,f,
MT1,7/23/19,matanzas,tradewinds,28,mudcrab,16,f,
MT1,7/23/19,matanzas,tradewinds,28,mudcrab,25,gf,
MT1,7/23/19,matanzas,tradewinds,28,mudcrab,19,m,
MT1,7/23/19,matanzas,tradewinds,28,mudcrab,14,m,
MT1,7/23/19,matanzas,tradewinds,37,mudcrab,34,m,
MT1,7/23/19,matanzas,tradewinds,37,mudcrab,31,gf,
MT1,7/23/19,matanzas,tradewinds,37,mudcrab,20,m,
MT1,7/23/19,matanzas,tradewinds,37,mudcrab,29,m,
MT1,7/23/19,matanzas,tradewinds,37,mudcrab,28,m,
MT1,7/23/19,matanzas,tradewinds,37,mudcrab,26,f,
MT1,7/23/19,matanzas,tradewinds,37,mudcrab,21,f,
MT1,7/23/19,matanzas,tradewinds,37,mudcrab,24,m,
MT1,7/23/19,matanzas,tradewinds,37,mudcrab,19,m,
MT1,7/23/19,matanzas,tradewinds,37,mudcrab,11,m,
MT1,7/23/19,matanzas,tradewinds,37,mudcrab,17,m,
MT1,7/23/19,matanzas,tradewinds,37,mudcrab,19,m,
MT1,7/23/19,matanzas,tradewinds,37,mudcrab,15,m,
MT1,7/23/19,matanzas,tradewinds,46,mudcrab,9,f,
MT1,7/23/19,matanzas,tradewinds,46,mudcrab,24,m,
MT1,7/23/19,matanzas,tradewinds,46,mudcrab,19,m,
MT1,7/23/19,matanzas,tradewinds,46,mudcrab,27,m,
MT1,7/23/19,matanzas,tradewinds,46,mudcrab,19,m,
MT1,7/23/19,matanzas,tradewinds,55,mudcrab,17,f,
MT1,7/23/19,matanzas,tradewinds,55,mudcrab,26,m,
MT1,7/23/19,matanzas,tradewinds,55,mudcrab,18,m,
MT1,7/23/19,matanzas,tradewinds,55,mudcrab,20,m,
MT1,7/23/19,matanzas,tradewinds,55,mudcrab,39,m,
MT1,7/23/19,matanzas,tradewinds,55,mudcrab,15,m,
MT1,7/23/19,matanzas,tradewinds,55,mudcrab,22,m,
MT1,7/23/19,matanzas,tradewinds,55,mudcrab,17,f,
MT1,7/23/19,matanzas,tradewinds,55,mudcrab,17,m,
MT1,7/23/19,matanzas,tradewinds,55,mudcrab,15,m,
MT1,7/23/19,matanzas,tradewinds,55,mudcrab,17,f,
MT1,7/23/19,matanzas,tradewinds,55,mudcrab,17,m,
MT1,7/23/19,matanzas,tradewinds,55,mudcrab,15,,
MT2,7/23/19,matanzas,tradewinds,18,mudcrab,39,m,
MT2,7/23/19,matanzas,tradewinds,18,mudcrab,32,m,
MT2,7/23/19,matanzas,tradewinds,18,mudcrab,22,f,
MT2,7/23/19,matanzas,tradewinds,18,mudcrab,20,m,
MT2,7/23/19,matanzas,tradewinds,18,mudcrab,25,f,
MT2,7/23/19,matanzas,tradewinds,18,mudcrab,28,m,
MT2,7/23/19,matanzas,tradewinds,18,mudcrab,19,m,
MT2,7/23/19,matanzas,tradewinds,18,mudcrab,21,m,
MT2,7/23/19,matanzas,tradewinds,18,mudcrab,11,f,
MT2,7/23/19,matanzas,tradewinds,18,mudcrab,23,m,
MT2,7/23/19,matanzas,tradewinds,35,mudcrab,19,m,"sampling interval listed as 17, quadrat listed as 34 on data sheet"
MT2,7/23/19,matanzas,tradewinds,35,mudcrab,22,m,
MT2,7/23/19,matanzas,tradewinds,35,mudcrab,27,m,
MT2,7/23/19,matanzas,tradewinds,35,mudcrab,21,m,
MT2,7/23/19,matanzas,tradewinds,35,mudcrab,22,gf,
MT2,7/23/19,matanzas,tradewinds,35,mudcrab,29,m,
MT2,7/23/19,matanzas,tradewinds,35,mudcrab,14,m,
MT2,7/23/19,matanzas,tradewinds,35,mudcrab,16,m,
MT2,7/23/19,matanzas,tradewinds,35,mudcrab,19,f,
MT2,7/23/19,matanzas,tradewinds,35,mudcrab,17,m,
MT2,7/23/19,matanzas,tradewinds,52,mudcrab,23,f,"sampling interval listed as 17, quadrat listed as 50 on data sheet"
MT2,7/23/19,matanzas,tradewinds,52,mudcrab,43,m,
MT2,7/23/19,matanzas,tradewinds,52,mudcrab,30,f,
MT2,7/23/19,matanzas,tradewinds,52,mudcrab,18,f,
MT2,7/23/19,matanzas,tradewinds,52,mudcrab,24,f,
MT2,7/23/19,matanzas,tradewinds,52,mudcrab,20,m,
MT2,7/23/19,matanzas,tradewinds,69,mudcrab,23,f,"sampling interval listed as 17, quadrat listed as 66 on data sheet"
MT2,7/23/19,matanzas,tradewinds,69,mudcrab,20,m,
MT2,7/23/19,matanzas,tradewinds,69,mudcrab,15,m,
MT2,7/23/19,matanzas,tradewinds,69,mudcrab,20,f,
MT2,7/23/19,matanzas,tradewinds,69,mudcrab,25,f,
MT2,7/23/19,matanzas,tradewinds,69,mudcrab,21,f,
MT2,7/23/19,matanzas,tradewinds,103,mudcrab,19,f,"sampling interval listed as 17, quadrat listed as 98 on data sheet"
MT2,7/23/19,matanzas,tradewinds,103,mudcrab,32,m,
MT2,7/23/19,matanzas,tradewinds,103,mudcrab,20,m,
TR1,7/24/19,tolo.non,none,5,mudcrab,22,m,
TR1,7/24/19,tolo.non,none,5,mudcrab,28,m,
TR1,7/24/19,tolo.non,none,5,mudcrab,25,f,
TR1,7/24/19,tolo.non,none,5,mudcrab,22,m,
TR1,7/24/19,tolo.non,none,5,mudcrab,24,m,
TR1,7/24/19,tolo.non,none,5,mudcrab,20,f,
TR1,7/24/19,tolo.non,none,5,mudcrab,16,f,
TR1,7/24/19,tolo.non,none,5,mudcrab,26,f,
TR1,7/24/19,tolo.non,none,5,mudcrab,22,f,
TR1,7/24/19,tolo.non,none,9,mudcrab,26,gf,
TR1,7/24/19,tolo.non,none,9,mudcrab,32,m,
TR1,7/24/19,tolo.non,none,9,mudcrab,33,m,
TR1,7/24/19,tolo.non,none,9,mudcrab,21,gf,
TR1,7/24/19,tolo.non,none,9,mudcrab,26,m,
TR1,7/24/19,tolo.non,none,9,mudcrab,26,m,
TR1,7/24/19,tolo.non,none,9,mudcrab,20,gf,
TR1,7/24/19,tolo.non,none,9,mudcrab,22,f,
TR1,7/24/19,tolo.non,none,9,mudcrab,20,m,
TR1,7/24/19,tolo.non,none,13,mudcrab,42,m,
TR1,7/24/19,tolo.non,none,13,mudcrab,19,gf,
TR1,7/24/19,tolo.non,none,13,mudcrab,29,f,
TR1,7/24/19,tolo.non,none,13,mudcrab,24,m,
TR1,7/24/19,tolo.non,none,13,mudcrab,24,m,
TR1,7/24/19,tolo.non,none,13,mudcrab,23,f,
TR1,7/24/19,tolo.non,none,13,mudcrab,19,f,
TR1,7/24/19,tolo.non,none,13,mudcrab,20,m,
TR1,7/24/19,tolo.non,none,13,mudcrab,24,m,
TR1,7/24/19,tolo.non,none,13,mudcrab,17,gf,
TR1,7/24/19,tolo.non,none,13,mudcrab,8,f,
TR1,7/24/19,tolo.non,none,13,mudcrab,23,f,
TR1,7/24/19,tolo.non,none,13,mudcrab,22,m,
TR1,7/24/19,tolo.non,none,13,mudcrab,19,m,
TR1,7/24/19,tolo.non,none,13,mudcrab,31,m,
TR1,7/24/19,tolo.non,none,17,mudcrab,33,m,
TR1,7/24/19,tolo.non,none,17,mudcrab,25,f,
TR1,7/24/19,tolo.non,none,17,mudcrab,29,m,
TR1,7/24/19,tolo.non,none,17,mudcrab,20,f,
TR1,7/24/19,tolo.non,none,17,mudcrab,17,f,
TR1,7/24/19,tolo.non,none,17,mudcrab,28,m,
TR1,7/24/19,tolo.non,none,17,mudcrab,20,f,
TR1,7/24/19,tolo.non,none,17,mudcrab,26,gf,
TR1,7/24/19,tolo.non,none,21,mudcrab,22,m,
TR1,7/24/19,tolo.non,none,21,mudcrab,15,f,
TR1,7/24/19,tolo.non,none,21,mudcrab,23,f,
TR1,7/24/19,tolo.non,none,21,mudcrab,20,m,
TR1,7/24/19,tolo.non,none,21,mudcrab,27,gf,
TR1,7/24/19,tolo.non,none,21,mudcrab,17,gf,
TR1,7/24/19,tolo.non,none,21,mudcrab,20,f,
TR1,7/24/19,tolo.non,none,21,mudcrab,17,m,
TR1,7/24/19,tolo.non,none,21,mudcrab,18,m,
TR1,7/24/19,tolo.non,none,21,mudcrab,18,f,
TR1,7/24/19,tolo.non,none,21,mudcrab,24,f,
TR1,7/24/19,tolo.non,none,25,mudcrab,37,m,
TR1,7/24/19,tolo.non,none,25,mudcrab,28,f,
TR1,7/24/19,tolo.non,none,25,mudcrab,30,gf,
TR1,7/24/19,tolo.non,none,25,mudcrab,28,m,
TR1,7/24/19,tolo.non,none,25,mudcrab,30,m,
TR1,7/24/19,tolo.non,none,25,mudcrab,23,gf,
TR1,7/24/19,tolo.non,none,25,mudcrab,19,m,
TR1,7/24/19,tolo.non,none,25,mudcrab,23,f,
TR1,7/24/19,tolo.non,none,25,mudcrab,20,f,
TR1,7/24/19,tolo.non,none,25,mudcrab,27,m,
TR1,7/24/19,tolo.non,none,25,mudcrab,21,gf,
TR1,7/24/19,tolo.non,none,25,mudcrab,15,m,
TR1,7/24/19,tolo.non,none,25,mudcrab,18,gf,
TR1,7/24/19,tolo.non,none,25,mudcrab,19,gf,
TR1,7/24/19,tolo.non,none,25,mudcrab,18,f,
TR2,7/24/19,tolo.non,none,3,mudcrab,39,m,
TR2,7/24/19,tolo.non,none,3,mudcrab,38,m,
TR2,7/24/19,tolo.non,none,3,mudcrab,32,f,
TR2,7/24/19,tolo.non,none,3,mudcrab,34,m,
TR2,7/24/19,tolo.non,none,3,mudcrab,27,m,
TR2,7/24/19,tolo.non,none,3,mudcrab,20,m,
TR2,7/24/19,tolo.non,none,3,mudcrab,18,f,
TR2,7/24/19,tolo.non,none,3,mudcrab,20,gf,
TR2,7/24/19,tolo.non,none,3,mudcrab,19,f,
TR2,7/24/19,tolo.non,none,3,mudcrab,26,f,
TR2,7/24/19,tolo.non,none,3,mudcrab,21,m,
TR2,7/24/19,tolo.non,none,3,mudcrab,19,m,
TR2,7/24/19,tolo.non,none,3,mudcrab,25,f,
TR2,7/24/19,tolo.non,none,3,mudcrab,18,m,
TR2,7/24/19,tolo.non,none,3,mudcrab,19,f,
TR2,7/24/19,tolo.non,none,3,mudcrab,19,f,
TR2,7/24/19,tolo.non,none,5,mudcrab,38,m,
TR2,7/24/19,tolo.non,none,5,mudcrab,32,gf,
TR2,7/24/19,tolo.non,none,5,mudcrab,35,m,
TR2,7/24/19,tolo.non,none,5,mudcrab,27,f,
TR2,7/24/19,tolo.non,none,5,mudcrab,29,m,
TR2,7/24/19,tolo.non,none,5,mudcrab,20,f,
TR2,7/24/19,tolo.non,none,5,mudcrab,24,f,
TR2,7/24/19,tolo.non,none,5,mudcrab,17,f,
TR2,7/24/19,tolo.non,none,5,mudcrab,20,f,
TR2,7/24/19,tolo.non,none,5,mudcrab,28,m,
TR2,7/24/19,tolo.non,none,5,mudcrab,17,f,
TR2,7/24/19,tolo.non,none,5,mudcrab,20,m,
TR2,7/24/19,tolo.non,none,5,mudcrab,29,f,
TR2,7/24/19,tolo.non,none,5,mudcrab,23,m,
TR2,7/24/19,tolo.non,none,5,mudcrab,21,gf,
TR2,7/24/19,tolo.non,none,5,mudcrab,18,m,
TR2,7/24/19,tolo.non,none,5,mudcrab,18,m,
TR2,7/24/19,tolo.non,none,7,mudcrab,42,m,
TR2,7/24/19,tolo.non,none,7,mudcrab,40,m,
TR2,7/24/19,tolo.non,none,7,mudcrab,24,m,
TR2,7/24/19,tolo.non,none,7,mudcrab,36,f,
TR2,7/24/19,tolo.non,none,7,mudcrab,35,m,
TR2,7/24/19,tolo.non,none,7,mudcrab,25,f,
TR2,7/24/19,tolo.non,none,7,mudcrab,27,m,
TR2,7/24/19,tolo.non,none,7,mudcrab,32,m,
TR2,7/24/19,tolo.non,none,7,mudcrab,24,m,
TR2,7/24/19,tolo.non,none,7,mudcrab,29,f,
TR2,7/24/19,tolo.non,none,7,mudcrab,22,m,
TR2,7/24/19,tolo.non,none,7,mudcrab,23,f,
TR2,7/24/19,tolo.non,none,7,mudcrab,26,f,
TR2,7/24/19,tolo.non,none,7,mudcrab,27,f,
TR2,7/24/19,tolo.non,none,7,mudcrab,19,f,
TR2,7/24/19,tolo.non,none,7,mudcrab,20,m,
TR2,7/24/19,tolo.non,none,9,mudcrab,27,m,
TR2,7/24/19,tolo.non,none,9,mudcrab,20,f,
TR2,7/24/19,tolo.non,none,9,mudcrab,25,m,
TR2,7/24/19,tolo.non,none,9,mudcrab,19,m,
TR2,7/24/19,tolo.non,none,9,mudcrab,26,f,
TR2,7/24/19,tolo.non,none,9,mudcrab,21,m,
TR2,7/24/19,tolo.non,none,9,mudcrab,23,m,
TR2,7/24/19,tolo.non,none,9,mudcrab,20,f,
TR2,7/24/19,tolo.non,none,9,mudcrab,22,gf,
TR2,7/24/19,tolo.non,none,9,mudcrab,14,m,
TR2,7/24/19,tolo.non,none,9,mudcrab,17,m,
TR2,7/24/19,tolo.non,none,11,mudcrab,25,gf,
TR2,7/24/19,tolo.non,none,11,mudcrab,37,m,
TR2,7/24/19,tolo.non,none,11,mudcrab,24,m,
TR2,7/24/19,tolo.non,none,11,mudcrab,24,m,
TR2,7/24/19,tolo.non,none,11,mudcrab,28,m,
TR2,7/24/19,tolo.non,none,11,mudcrab,34,m,
TR2,7/24/19,tolo.non,none,11,mudcrab,29,gf,
TR2,7/24/19,tolo.non,none,11,mudcrab,21,f,
TR2,7/24/19,tolo.non,none,11,mudcrab,22,m,
TR2,7/24/19,tolo.non,none,11,mudcrab,21,m,
TR2,7/24/19,tolo.non,none,11,mudcrab,18,m,
TR2,7/24/19,tolo.non,none,13,mudcrab,38,m,
TR2,7/24/19,tolo.non,none,13,mudcrab,47,m,
TR2,7/24/19,tolo.non,none,13,mudcrab,29,f,
TR2,7/24/19,tolo.non,none,13,mudcrab,35,f,
TR2,7/24/19,tolo.non,none,13,mudcrab,27,gf,
TR2,7/24/19,tolo.non,none,13,mudcrab,24,gf,
TR2,7/24/19,tolo.non,none,13,mudcrab,26,gf,
TR2,7/24/19,tolo.non,none,13,mudcrab,23,f,
TR2,7/24/19,tolo.non,none,13,mudcrab,25,f,
TR2,7/24/19,tolo.non,none,13,mudcrab,25,m,
TR2,7/24/19,tolo.non,none,13,mudcrab,18,m,
TR3,7/24/19,tolo.non,none,7,mudcrab,30,m,
TR3,7/24/19,tolo.non,none,7,mudcrab,25,m,
TR3,7/24/19,tolo.non,none,7,mudcrab,19,f,
TR3,7/24/19,tolo.non,none,7,mudcrab,26,m,
TR3,7/24/19,tolo.non,none,7,mudcrab,21,f,
TR3,7/24/19,tolo.non,none,13,mudcrab,23,gf,
TR3,7/24/19,tolo.non,none,13,mudcrab,25,m,
TR3,7/24/19,tolo.non,none,13,mudcrab,29,m,
TR3,7/24/19,tolo.non,none,13,mudcrab,17,m,
TR3,7/24/19,tolo.non,none,13,mudcrab,17,gf,
TR3,7/24/19,tolo.non,none,13,mudcrab,12,f,
TR3,7/24/19,tolo.non,none,13,mudcrab,15,f,
TR3,7/24/19,tolo.non,none,13,mudcrab,19,f,
TR3,7/24/19,tolo.non,none,19,mudcrab,27,m,
TR3,7/24/19,tolo.non,none,19,mudcrab,33,m,
TR3,7/24/19,tolo.non,none,19,mudcrab,30,m,
TR3,7/24/19,tolo.non,none,19,mudcrab,27,f,
TR3,7/24/19,tolo.non,none,19,mudcrab,19,f,
TR3,7/24/19,tolo.non,none,19,mudcrab,17,m,
TR3,7/24/19,tolo.non,none,25,mudcrab,18,m,
TR3,7/24/19,tolo.non,none,25,mudcrab,23,gf,
TR3,7/24/19,tolo.non,none,25,mudcrab,39,m,
TR3,7/24/19,tolo.non,none,25,mudcrab,28,f,
TR3,7/24/19,tolo.non,none,25,mudcrab,36,m,
TR3,7/24/19,tolo.non,none,25,mudcrab,18,m,
TR3,7/24/19,tolo.non,none,25,mudcrab,20,gf,
TR3,7/24/19,tolo.non,none,25,mudcrab,15,m,
TR3,7/24/19,tolo.non,none,31,mudcrab,27,m,quadrat partially underwater (~ 1/2)
GR1,7/25/19,guana,none,7,mudcrab,33,m,
GR1,7/25/19,guana,none,7,mudcrab,30,m,
GR1,7/25/19,guana,none,7,mudcrab,22,m,
GR1,7/25/19,guana,none,7,mudcrab,18,m,
GR1,7/25/19,guana,none,7,mudcrab,19,m,
GR1,7/25/19,guana,none,7,mudcrab,26,m,
GR1,7/25/19,guana,none,13,mudcrab,38,m,
GR1,7/25/19,guana,none,13,mudcrab,34,f,
GR1,7/25/19,guana,none,13,mudcrab,27,gf,
GR1,7/25/19,guana,none,13,mudcrab,21,f,
GR1,7/25/19,guana,none,13,mudcrab,18,f,
GR1,7/25/19,guana,none,13,mudcrab,20,m,
GR1,7/25/19,guana,none,13,mudcrab,10,m,
GR1,7/25/19,guana,none,19,mudcrab,23,m,
GR1,7/25/19,guana,none,19,mudcrab,16,f,
GR1,7/25/19,guana,none,19,mudcrab,19,m,
GR1,7/25/19,guana,none,19,mudcrab,21,f,
GR1,7/25/19,guana,none,19,mudcrab,19,m,
GR1,7/25/19,guana,none,19,mudcrab,12,m,
GR1,7/25/19,guana,none,25,mudcrab,42,f,
GR1,7/25/19,guana,none,25,mudcrab,29,f,
GR1,7/25/19,guana,none,25,mudcrab,18,m,
GR1,7/25/19,guana,none,25,mudcrab,17,gf,
GR1,7/25/19,guana,none,25,mudcrab,29,m,
GR1,7/25/19,guana,none,25,mudcrab,14,m,
GR1,7/25/19,guana,none,25,mudcrab,21,f,
GR1,7/25/19,guana,none,31,mudcrab,30,f,
GR1,7/25/19,guana,none,31,mudcrab,25,gf,
GR1,7/25/19,guana,none,37,mudcrab,20,m,
GR1,7/25/19,guana,none,37,mudcrab,23,gf,
GR1,7/25/19,guana,none,37,mudcrab,25,m,
GR2,7/25/19,guana,none,10,mudcrab,30,m,
GR2,7/25/19,guana,none,10,mudcrab,16,f,
GR2,7/25/19,guana,none,10,mudcrab,24,f,
GR2,7/25/19,guana,none,10,mudcrab,19,f,
GR2,7/25/19,guana,none,10,mudcrab,24,m,
GR2,7/25/19,guana,none,10,mudcrab,21,m,
GR2,7/25/19,guana,none,10,mudcrab,28,m,
GR2,7/25/19,guana,none,10,mudcrab,17,f,
GR2,7/25/19,guana,none,10,mudcrab,16,m,
GR2,7/25/19,guana,none,19,mudcrab,20,gf,
GR2,7/25/19,guana,none,19,mudcrab,15,m,
GR2,7/25/19,guana,none,19,mudcrab,16,f,
GR2,7/25/19,guana,none,19,mudcrab,21,f,
GR2,7/25/19,guana,none,19,mudcrab,22,gf,
GR2,7/25/19,guana,none,19,mudcrab,19,gf,
GR2,7/25/19,guana,none,19,mudcrab,19,gf,
GR2,7/25/19,guana,none,19,mudcrab,18,f,
GR2,7/25/19,guana,none,28,mudcrab,23,m,
GR2,7/25/19,guana,none,28,mudcrab,20,m,
GR2,7/25/19,guana,none,28,mudcrab,22,m,
GR2,7/25/19,guana,none,28,mudcrab,22,gf,
GR2,7/25/19,guana,none,28,mudcrab,16,gf,
GR2,7/25/19,guana,none,28,mudcrab,16,f,
GR2,7/25/19,guana,none,28,mudcrab,17,m,
GR2,7/25/19,guana,none,37,mudcrab,22,gf,
GR2,7/25/19,guana,none,37,mudcrab,19,f,
GR2,7/25/19,guana,none,37,mudcrab,23,gf,
GR2,7/25/19,guana,none,37,mudcrab,18,gf,
GR2,7/25/19,guana,none,37,mudcrab,12,m,
GR2,7/25/19,guana,none,37,mudcrab,21,m,
GR2,7/25/19,guana,none,37,mudcrab,20,f,
GR2,7/25/19,guana,none,37,mudcrab,18,f,
GR2,7/25/19,guana,none,37,mudcrab,14,m,
GR2,7/25/19,guana,none,46,mudcrab,28,f,
GR2,7/25/19,guana,none,46,mudcrab,24,gf,
GR2,7/25/19,guana,none,46,mudcrab,23,f,
GR2,7/25/19,guana,none,46,mudcrab,25,f,
GR2,7/25/19,guana,none,46,mudcrab,26,m,
GR2,7/25/19,guana,none,46,mudcrab,17,f,
GR2,7/25/19,guana,none,46,mudcrab,14,m,
GR2,7/25/19,guana,none,46,mudcrab,23,f,
GR2,7/25/19,guana,none,46,mudcrab,16,m,
GR2,7/25/19,guana,none,46,mudcrab,22,m,
GR2,7/25/19,guana,none,46,mudcrab,18,f,
GR2,7/25/19,guana,none,46,mudcrab,16,f,
GR2,7/25/19,guana,none,46,mudcrab,17,m,
GR2,7/25/19,guana,none,46,mudcrab,13,m,
GR2,7/25/19,guana,none,55,mudcrab,21,m,
GR2,7/25/19,guana,none,55,mudcrab,14,m,
GR2,7/25/19,guana,none,55,mudcrab,18,m,
GR3,7/25/19,guana,none,3,mudcrab,24,m,
GR3,7/25/19,guana,none,3,mudcrab,24,gf,
GR3,7/25/19,guana,none,3,mudcrab,35,m,
GR3,7/25/19,guana,none,3,mudcrab,24,f,
GR3,7/25/19,guana,none,3,mudcrab,16,f,
GR3,7/25/19,guana,none,5,mudcrab,22,gf,
GR3,7/25/19,guana,none,5,mudcrab,26,m,
GR3,7/25/19,guana,none,5,mudcrab,20,f,
GR3,7/25/19,guana,none,7,mudcrab,19,f,
GR3,7/25/19,guana,none,7,mudcrab,45,gf,
GR3,7/25/19,guana,none,7,mudcrab,24,f,
GR3,7/25/19,guana,none,7,mudcrab,17,m,
GR3,7/25/19,guana,none,9,mudcrab,29,m,
GR3,7/25/19,guana,none,9,mudcrab,16,f,
GR3,7/25/19,guana,none,9,mudcrab,28,gf,
GR3,7/25/19,guana,none,9,mudcrab,37,m,
GR3,7/25/19,guana,none,9,mudcrab,16,f,
GR3,7/25/19,guana,none,9,mudcrab,13,f,
GR3,7/25/19,guana,none,9,mudcrab,22,m,
GR3,7/25/19,guana,none,11,mudcrab,20,m,
GR3,7/25/19,guana,none,11,mudcrab,22,m,
GR3,7/25/19,guana,none,11,mudcrab,25,f,
GR3,7/25/19,guana,none,11,mudcrab,25,f,
GR3,7/25/19,guana,none,11,mudcrab,21,m,
GR3,7/25/19,guana,none,11,mudcrab,15,f,
GR3,7/25/19,guana,none,11,mudcrab,2,m,
GR3,7/25/19,guana,none,13,mudcrab,33,f,
GR3,7/25/19,guana,none,13,mudcrab,27,f,
GR3,7/25/19,guana,none,13,mudcrab,23,m,
GR3,7/25/19,guana,none,13,mudcrab,18,m,
GR3,7/25/19,guana,none,13,mudcrab,30,m,
GR3,7/25/19,guana,none,13,mudcrab,22,m,
GR3,7/25/19,guana,none,13,mudcrab,15,f,
GR3,7/25/19,guana,none,13,mudcrab,17,f,
BU1,7/26/19,butler,moses,9,mudcrab,21,m,
BU1,7/26/19,butler,moses,9,mudcrab,19,m,
BU1,7/26/19,butler,moses,9,mudcrab,25,f,
BU1,7/26/19,butler,moses,9,mudcrab,37,m,
BU1,7/26/19,butler,moses,9,mudcrab,27,m,
BU1,7/26/19,butler,moses,9,mudcrab,16,m,
BU1,7/26/19,butler,moses,9,mudcrab,23,gf,
BU1,7/26/19,butler,moses,9,mudcrab,19,m,
BU1,7/26/19,butler,moses,9,mudcrab,20,f,
BU1,7/26/19,butler,moses,9,mudcrab,15,f,
BU1,7/26/19,butler,moses,17,mudcrab,17,f,
BU1,7/26/19,butler,moses,17,mudcrab,26,m,
BU1,7/26/19,butler,moses,17,mudcrab,13,m,
BU1,7/26/19,butler,moses,17,mudcrab,17,f,
BU1,7/26/19,butler,moses,17,mudcrab,17,f,
BU1,7/26/19,butler,moses,17,mudcrab,18,m,
BU1,7/26/19,butler,moses,25,mudcrab,24,f,
BU1,7/26/19,butler,moses,25,mudcrab,17,m,
BU1,7/26/19,butler,moses,25,mudcrab,28,m,
BU1,7/26/19,butler,moses,25,mudcrab,22,m,
BU1,7/26/19,butler,moses,25,mudcrab,20,m,
BU1,7/26/19,butler,moses,33,mudcrab,27,m,
BU1,7/26/19,butler,moses,33,mudcrab,29,f,
BU1,7/26/19,butler,moses,33,mudcrab,16,f,
BU1,7/26/19,butler,moses,33,mudcrab,15,f,
BU1,7/26/19,butler,moses,41,mudcrab,34,m,
BU1,7/26/19,butler,moses,41,mudcrab,25,f,
BU1,7/26/19,butler,moses,41,mudcrab,17,f,
BU1,7/26/19,butler,moses,41,mudcrab,14,m,
BU1,7/26/19,butler,moses,41,mudcrab,23,f,
BU1,7/26/19,butler,moses,49,mudcrab,14,m,nothing collected
BU1,7/26/19,butler,moses,49,mudcrab,21,m,nothing collected
BU1,7/26/19,butler,moses,49,mudcrab,14,m,nothing collected
SA1,7/29/19,st.aug,none,3.5,mudcrab,42,f,
SA1,7/29/19,st.aug,none,3.5,mudcrab,18,m,
SA1,7/29/19,st.aug,none,3.5,mudcrab,21,gf,
SA1,7/29/19,st.aug,none,3.5,mudcrab,16,f,
SA1,7/29/19,st.aug,none,3.5,mudcrab,26,m,
SA1,7/29/19,st.aug,none,3.5,mudcrab,25,f,
SA1,7/29/19,st.aug,none,3.5,mudcrab,26,m,
SA1,7/29/19,st.aug,none,3.5,mudcrab,31,m,
SA1,7/29/19,st.aug,none,3.5,mudcrab,20,m,
SA1,7/29/19,st.aug,none,3.5,mudcrab,22,gf,
SA1,7/29/19,st.aug,none,3.5,mudcrab,15,m,
SA1,7/29/19,st.aug,none,3.5,mudcrab,16,m,
SA1,7/29/19,st.aug,none,3.5,mudcrab,17,f,
SA1,7/29/19,st.aug,none,3.5,mudcrab,3,m,
SA1,7/29/19,st.aug,none,3.5,mudcrab,18,gf,
SA1,7/29/19,st.aug,none,3.5,mudcrab,13,m,
SA1,7/29/19,st.aug,none,6,mudcrab,23,m,did not collect anything
SA1,7/29/19,st.aug,none,6,mudcrab,22,f,did not collect anything
SA1,7/29/19,st.aug,none,6,mudcrab,19,gf,did not collect anything
SA1,7/29/19,st.aug,none,6,mudcrab,15,m,did not collect anything
SA1,7/29/19,st.aug,none,6,mudcrab,16,m,did not collect anything
SA1,7/29/19,st.aug,none,6,mudcrab,16,m,did not collect anything
SA1,7/29/19,st.aug,none,6,mudcrab,14,gf,did not collect anything
SA1,7/29/19,st.aug,none,6,mudcrab,12,m,did not collect anything
SA1,7/29/19,st.aug,none,8.5,mudcrab,25,m,
SA1,7/29/19,st.aug,none,8.5,mudcrab,20,gf,
SA1,7/29/19,st.aug,none,8.5,mudcrab,22,m,
SA1,7/29/19,st.aug,none,8.5,mudcrab,22,gf,
SA1,7/29/19,st.aug,none,8.5,mudcrab,28,m,
SA1,7/29/19,st.aug,none,8.5,mudcrab,18,m,
SA1,7/29/19,st.aug,none,8.5,mudcrab,18,gf,
SA1,7/29/19,st.aug,none,8.5,mudcrab,13,m,
SA1,7/29/19,st.aug,none,8.5,mudcrab,29,m,
SA1,7/29/19,st.aug,none,8.5,mudcrab,31,gf,
SA1,7/29/19,st.aug,none,8.5,mudcrab,39,m,
SA1,7/29/19,st.aug,none,8.5,mudcrab,19,f,
SA1,7/29/19,st.aug,none,8.5,mudcrab,25,m,
SA1,7/29/19,st.aug,none,8.5,mudcrab,20,f,
SA1,7/29/19,st.aug,none,8.5,mudcrab,11,f,
SA1,7/29/19,st.aug,none,8.5,mudcrab,15,m,
SA1,7/29/19,st.aug,none,11,mudcrab,40,m,
SA1,7/29/19,st.aug,none,11,mudcrab,37,f,
SA1,7/29/19,st.aug,none,11,mudcrab,31,m,
SA1,7/29/19,st.aug,none,11,mudcrab,19,f,
SA1,7/29/19,st.aug,none,11,mudcrab,30,f,
SA1,7/29/19,st.aug,none,11,mudcrab,25,m,
SA1,7/29/19,st.aug,none,11,mudcrab,18,m,
SA1,7/29/19,st.aug,none,11,mudcrab,22,f,
SA1,7/29/19,st.aug,none,11,mudcrab,25,m,
SA1,7/29/19,st.aug,none,11,mudcrab,22,m,
SA1,7/29/19,st.aug,none,11,mudcrab,26,gf,
SA1,7/29/19,st.aug,none,11,mudcrab,31,m,
SA1,7/29/19,st.aug,none,11,mudcrab,21,f,
SA1,7/29/19,st.aug,none,11,mudcrab,22,m,
SA1,7/29/19,st.aug,none,11,mudcrab,16,m,
SA1,7/29/19,st.aug,none,13.5,mudcrab,37,m,
SA1,7/29/19,st.aug,none,13.5,mudcrab,37,m,
SA1,7/29/19,st.aug,none,13.5,mudcrab,26,gf,
SA1,7/29/19,st.aug,none,13.5,mudcrab,30,f,
SA1,7/29/19,st.aug,none,13.5,mudcrab,20,m,
SA1,7/29/19,st.aug,none,13.5,mudcrab,25,m,
SA1,7/29/19,st.aug,none,13.5,mudcrab,22,gf,
SA1,7/29/19,st.aug,none,13.5,mudcrab,21,f,
SA1,7/29/19,st.aug,none,13.5,mudcrab,16,m,
SA1,7/29/19,st.aug,none,13.5,mudcrab,32,m,
SA1,7/29/19,st.aug,none,13.5,mudcrab,23,gf,
SA1,7/29/19,st.aug,none,13.5,mudcrab,15,f,
SA1,7/29/19,st.aug,none,13.5,mudcrab,1,m,
SA1,7/29/19,st.aug,none,13.5,mudcrab,18,f,
SA1,7/29/19,st.aug,none,13.5,mudcrab,23,f,
SA1,7/29/19,st.aug,none,13.5,mudcrab,17,m,
SA1,7/29/19,st.aug,none,13.5,mudcrab,17,gf,
SA1,7/29/19,st.aug,none,13.5,mudcrab,16,m,
SA1,7/29/19,st.aug,none,13.5,mudcrab,17,gf,
SA1,7/29/19,st.aug,none,16,mudcrab,32,gf,
SA1,7/29/19,st.aug,none,16,mudcrab,30,m,
SA1,7/29/19,st.aug,none,16,mudcrab,62,m,*stone crab? did not collect
SA1,7/29/19,st.aug,none,16,mudcrab,30,gf,
SA1,7/29/19,st.aug,none,16,mudcrab,45,m,* stone crab? collected in Q2 bag
SA1,7/29/19,st.aug,none,16,mudcrab,14,m,
SA1,7/29/19,st.aug,none,16,mudcrab,16,m,
SA1,7/29/19,st.aug,none,16,mudcrab,27,gf,
SA1,7/29/19,st.aug,none,16,mudcrab,26,m,
SA1,7/29/19,st.aug,none,16,mudcrab,21,m,
SA1,7/29/19,st.aug,none,16,mudcrab,17,f,
SA1,7/29/19,st.aug,none,16,mudcrab,23,m,
SA1,7/29/19,st.aug,none,16,mudcrab,26,gf,
SA1,7/29/19,st.aug,none,16,mudcrab,26,f,
SA1,7/29/19,st.aug,none,16,mudcrab,19,gf,
SA1,7/29/19,st.aug,none,16,mudcrab,27,gf,
SA1,7/29/19,st.aug,none,16,mudcrab,29,m,
SA1,7/29/19,st.aug,none,16,mudcrab,26,m,
SA1,7/29/19,st.aug,none,16,mudcrab,34,f,
SA1,7/29/19,st.aug,none,16,mudcrab,20,m,
SA1,7/29/19,st.aug,none,16,mudcrab,20,m,
SA1,7/29/19,st.aug,none,16,mudcrab,17,m,
SA1,7/29/19,st.aug,none,16,mudcrab,18,m,
SA1,7/29/19,st.aug,none,16,mudcrab,15,m,
SA1,7/29/19,st.aug,none,16,mudcrab,24,f,
SA1,7/29/19,st.aug,none,16,mudcrab,20,m,
SA1,7/29/19,st.aug,none,16,mudcrab,24,m,
SA1,7/29/19,st.aug,none,16,mudcrab,18,gf,
SA1,7/29/19,st.aug,none,16,mudcrab,22,f,
SA1,7/29/19,st.aug,none,16,mudcrab,25,f,
SA1,7/29/19,st.aug,none,16,mudcrab,21,gf,
SA1,7/29/19,st.aug,none,16,mudcrab,20,f,
SA1,7/29/19,st.aug,none,16,mudcrab,17,f,
SA1,7/29/19,st.aug,none,16,mudcrab,19,f,
SA2,7/29/19,st.aug,none,6,mudcrab,17,,unknown sex
SA2,7/29/19,st.aug,none,6,mudcrab,23,m,
SA2,7/29/19,st.aug,none,6,mudcrab,17,m,
SA2,7/29/19,st.aug,none,11,mudcrab,28,m,
SA2,7/29/19,st.aug,none,11,mudcrab,22,m,
SA2,7/29/19,st.aug,none,11,mudcrab,23,f,
SA2,7/29/19,st.aug,none,16,mudcrab,23,f,
SA2,7/29/19,st.aug,none,21,mudcrab,24,f,
SA2,7/29/19,st.aug,none,21,mudcrab,32,m,
SA2,7/29/19,st.aug,none,26,mudcrab,21,f,
SA2,7/29/19,st.aug,none,31,mudcrab,32,f,
SA2,7/29/19,st.aug,none,31,mudcrab,24,gf,
SA2,7/29/19,st.aug,none,31,mudcrab,19,m,
SA2,7/29/19,st.aug,none,31,mudcrab,21,m,
SR1,7/30/19,salt.non,none,5,mudcrab,35,m,
SR1,7/30/19,salt.non,none,5,mudcrab,32,m,
SR1,7/30/19,salt.non,none,5,mudcrab,32,m,
SR1,7/30/19,salt.non,none,5,mudcrab,24,gf,
SR1,7/30/19,salt.non,none,5,mudcrab,26,m,
SR1,7/30/19,salt.non,none,5,mudcrab,21,m,
SR1,7/30/19,salt.non,none,5,mudcrab,18,f,
SR1,7/30/19,salt.non,none,5,mudcrab,21,f,
SR1,7/30/19,salt.non,none,5,mudcrab,19,f,
SR1,7/30/19,salt.non,none,5,mudcrab,17,m,
SR1,7/30/19,salt.non,none,5,mudcrab,17,f,
SR1,7/30/19,salt.non,none,5,mudcrab,26,m,
SR1,7/30/19,salt.non,none,9,mudcrab,37,gf,
SR1,7/30/19,salt.non,none,9,mudcrab,42,gf,
SR1,7/30/19,salt.non,none,9,mudcrab,35,m,
SR1,7/30/19,salt.non,none,9,mudcrab,36,m,
SR1,7/30/19,salt.non,none,9,mudcrab,24,f,
SR1,7/30/19,salt.non,none,9,mudcrab,29,m,
SR1,7/30/19,salt.non,none,9,mudcrab,29,gf,
SR1,7/30/19,salt.non,none,9,mudcrab,20,f,
SR1,7/30/19,salt.non,none,9,mudcrab,26,f,
SR1,7/30/19,salt.non,none,9,mudcrab,17,f,
SR1,7/30/19,salt.non,none,9,mudcrab,18,f,
SR1,7/30/19,salt.non,none,9,mudcrab,17,f,
SR1,7/30/19,salt.non,none,9,mudcrab,13,f,
SR1,7/30/19,salt.non,none,13,mudcrab,25,gf,
SR1,7/30/19,salt.non,none,13,mudcrab,25,f,
SR1,7/30/19,salt.non,none,13,mudcrab,43,m,
SR1,7/30/19,salt.non,none,13,mudcrab,24,m,
SR1,7/30/19,salt.non,none,13,mudcrab,32,m,
SR1,7/30/19,salt.non,none,13,mudcrab,32,m,
SR1,7/30/19,salt.non,none,13,mudcrab,18,f,
SR1,7/30/19,salt.non,none,13,mudcrab,20,m,
SR1,7/30/19,salt.non,none,13,mudcrab,26,m,
SR1,7/30/19,salt.non,none,13,mudcrab,29,f,
SR1,7/30/19,salt.non,none,13,mudcrab,24,m,
SR1,7/30/19,salt.non,none,13,mudcrab,22,f,
SR1,7/30/19,salt.non,none,13,mudcrab,24,m,
SR1,7/30/19,salt.non,none,13,mudcrab,27,m,
SR1,7/30/19,salt.non,none,13,mudcrab,18,f,
SR1,7/30/19,salt.non,none,13,mudcrab,22,f,
SR1,7/30/19,salt.non,none,17,mudcrab,36,m,
SR1,7/30/19,salt.non,none,17,mudcrab,31,m,
SR1,7/30/19,salt.non,none,17,mudcrab,24,gf,
SR1,7/30/19,salt.non,none,17,mudcrab,24,m,
SR1,7/30/19,salt.non,none,17,mudcrab,26,m,
SR1,7/30/19,salt.non,none,17,mudcrab,22,f,
SR1,7/30/19,salt.non,none,17,mudcrab,25,f,
SR1,7/30/19,salt.non,none,17,mudcrab,37,gf,
SR1,7/30/19,salt.non,none,17,mudcrab,25,gf,
SR1,7/30/19,salt.non,none,17,mudcrab,29,m,
SR1,7/30/19,salt.non,none,17,mudcrab,27,m,
SR1,7/30/19,salt.non,none,17,mudcrab,28,f,
SR1,7/30/19,salt.non,none,17,mudcrab,20,f,
SR1,7/30/19,salt.non,none,17,mudcrab,27,f,
SR1,7/30/19,salt.non,none,17,mudcrab,17,m,
SR1,7/30/19,salt.non,none,17,mudcrab,22,gf,
SR1,7/30/19,salt.non,none,21,mudcrab,47,gf,
SR1,7/30/19,salt.non,none,21,mudcrab,39,f,
SR1,7/30/19,salt.non,none,21,mudcrab,36,m,
SR1,7/30/19,salt.non,none,21,mudcrab,36,gf,
SR1,7/30/19,salt.non,none,21,mudcrab,26,m,
SR1,7/30/19,salt.non,none,21,mudcrab,29,f,
SR1,7/30/19,salt.non,none,21,mudcrab,20,f,
SR1,7/30/19,salt.non,none,21,mudcrab,21,f,
SR1,7/30/19,salt.non,none,21,mudcrab,25,m,
SR1,7/30/19,salt.non,none,21,mudcrab,16,m,
SR1,7/30/19,salt.non,none,21,mudcrab,19,m,
SR1,7/30/19,salt.non,none,21,mudcrab,31,m,
SR1,7/30/19,salt.non,none,21,mudcrab,17,f,
SR1,7/30/19,salt.non,none,21,mudcrab,19,gf,
SR1,7/30/19,salt.non,none,25,mudcrab,37,m,
SR1,7/30/19,salt.non,none,25,mudcrab,41,f,
SR1,7/30/19,salt.non,none,25,mudcrab,29,m,
SR1,7/30/19,salt.non,none,25,mudcrab,26,f,
SR1,7/30/19,salt.non,none,25,mudcrab,34,m,
SR1,7/30/19,salt.non,none,25,mudcrab,25,gf,
SR1,7/30/19,salt.non,none,25,mudcrab,22,m,
SR1,7/30/19,salt.non,none,25,mudcrab,15,m,
SR1,7/30/19,salt.non,none,25,mudcrab,10,f,
SR1,7/30/19,salt.non,none,25,mudcrab,19,m,
SR1,7/30/19,salt.non,none,25,mudcrab,28,m,
SR1,7/30/19,salt.non,none,25,mudcrab,28,m,
SR1,7/30/19,salt.non,none,25,mudcrab,27,m,
SR1,7/30/19,salt.non,none,25,mudcrab,25,m,
SR1,7/30/19,salt.non,none,25,mudcrab,16,f,
SR1,7/30/19,salt.non,none,25,mudcrab,24,f,
SR1,7/30/19,salt.non,none,25,mudcrab,17,gf,
SR1,7/30/19,salt.non,none,25,mudcrab,22,gf,
SR1,7/30/19,salt.non,none,25,mudcrab,21,m,
SR1,7/30/19,salt.non,none,25,mudcrab,18,f,
SR2,7/30/19,salt.non,none,12,mudcrab,37,gf,
SR2,7/30/19,salt.non,none,12,mudcrab,28,f,
SR2,7/30/19,salt.non,none,12,mudcrab,26,m,
SR2,7/30/19,salt.non,none,12,mudcrab,22,f,
SR2,7/30/19,salt.non,none,12,mudcrab,22,f,
SR2,7/30/19,salt.non,none,23,mudcrab,38,f,
SR2,7/30/19,salt.non,none,23,mudcrab,29,m,
SR2,7/30/19,salt.non,none,23,mudcrab,26,gf,
SR2,7/30/19,salt.non,none,23,mudcrab,20,f,
SR2,7/30/19,salt.non,none,23,mudcrab,19,m,
SR2,7/30/19,salt.non,none,23,mudcrab,32,m,
SR2,7/30/19,salt.non,none,23,mudcrab,14,m,
SR2,7/30/19,salt.non,none,23,mudcrab,22,gf,
SR2,7/30/19,salt.non,none,23,mudcrab,20,f,
SR2,7/30/19,salt.non,none,23,mudcrab,14,m,
SR2,7/30/19,salt.non,none,23,mudcrab,30,m,
SR2,7/30/19,salt.non,none,23,mudcrab,13,f,
SR2,7/30/19,salt.non,none,34,mudcrab,27,m,
SR2,7/30/19,salt.non,none,34,mudcrab,25,f,
SR2,7/30/19,salt.non,none,34,mudcrab,23,m,
SR2,7/30/19,salt.non,none,34,mudcrab,17,m,
SR2,7/30/19,salt.non,none,34,mudcrab,15,f,
SR2,7/30/19,salt.non,none,34,mudcrab,18,f,
SR2,7/30/19,salt.non,none,34,mudcrab,19,f,
SR2,7/30/19,salt.non,none,34,mudcrab,16,f,
SR2,7/30/19,salt.non,none,34,mudcrab,16,gf,
SR2,7/30/19,salt.non,none,34,mudcrab,17,m,
SR2,7/30/19,salt.non,none,45,mudcrab,37,m,
SR2,7/30/19,salt.non,none,45,mudcrab,20,f,
SR2,7/30/19,salt.non,none,45,mudcrab,15,m,
SR2,7/30/19,salt.non,none,45,mudcrab,19,gf,
SR2,7/30/19,salt.non,none,45,mudcrab,22,f,
SR2,7/30/19,salt.non,none,45,mudcrab,17,m,
SR2,7/30/19,salt.non,none,45,mudcrab,24,m,
SR2,7/30/19,salt.non,none,45,mudcrab,22,f,
SR2,7/30/19,salt.non,none,56,mudcrab,33,f,
SR2,7/30/19,salt.non,none,56,mudcrab,27,m,
SR2,7/30/19,salt.non,none,56,mudcrab,22,f,
SR2,7/30/19,salt.non,none,56,mudcrab,25,m,
SR2,7/30/19,salt.non,none,56,mudcrab,16,m,
SR2,7/30/19,salt.non,none,56,mudcrab,28,f,
SR2,7/30/19,salt.non,none,56,mudcrab,22,m,
SR2,7/30/19,salt.non,none,56,mudcrab,22,gf,
SR2,7/30/19,salt.non,none,56,mudcrab,13,m,
SR2,7/30/19,salt.non,none,67,mudcrab,27,m,
SR2,7/30/19,salt.non,none,67,mudcrab,28,f,
SR2,7/30/19,salt.non,none,67,mudcrab,28,m,
SR2,7/30/19,salt.non,none,67,mudcrab,22,gf,
SR2,7/30/19,salt.non,none,67,mudcrab,26,f,
SR2,7/30/19,salt.non,none,67,mudcrab,20,m,
SR2,7/30/19,salt.non,none,67,mudcrab,21,f,
SR2,7/30/19,salt.non,none,67,mudcrab,23,m,
SR2,7/30/19,salt.non,none,67,mudcrab,26,f,
SR2,7/30/19,salt.non,none,67,mudcrab,18,f,
SR2,7/30/19,salt.non,none,67,mudcrab,20,m,
BU2,8/6/19,butler,moses,4,mudcrab,27,gf,
BU2,8/6/19,butler,moses,4,mudcrab,18,m,
BU2,8/6/19,butler,moses,4,mudcrab,28,m,
BU2,8/6/19,butler,moses,4,mudcrab,22,m,
BU2,8/6/19,butler,moses,4,mudcrab,32,m,
BU2,8/6/19,butler,moses,4,mudcrab,25,gf,
BU2,8/6/19,butler,moses,4,mudcrab,25,m,
BU2,8/6/19,butler,moses,4,mudcrab,16,f,
BU2,8/6/19,butler,moses,4,mudcrab,25,m,
BU2,8/6/19,butler,moses,4,mudcrab,25,f,
BU2,8/6/19,butler,moses,4,mudcrab,17,f,
BU2,8/6/19,butler,moses,4,mudcrab,30,m,
BU2,8/6/19,butler,moses,4,mudcrab,19,f,
BU2,8/6/19,butler,moses,4,mudcrab,16,f,
BU2,8/6/19,butler,moses,7,mudcrab,30,gf,
BU2,8/6/19,butler,moses,7,mudcrab,30,f,
BU2,8/6/19,butler,moses,7,mudcrab,18,f,
BU2,8/6/19,butler,moses,10,mudcrab,25,f,
BU2,8/6/19,butler,moses,10,mudcrab,18,m,
BU2,8/6/19,butler,moses,10,mudcrab,18,f,
BU2,8/6/19,butler,moses,10,mudcrab,22,f,
BU2,8/6/19,butler,moses,10,mudcrab,23,m,
BU2,8/6/19,butler,moses,10,mudcrab,26,m,
BU2,8/6/19,butler,moses,10,mudcrab,18,gf,
BU2,8/6/19,butler,moses,13,mudcrab,25,m,
BU2,8/6/19,butler,moses,13,mudcrab,17,f,
BU2,8/6/19,butler,moses,13,mudcrab,16,m,
BU2,8/6/19,butler,moses,13,mudcrab,14,f,
BU2,8/6/19,butler,moses,13,mudcrab,24,m,
BU2,8/6/19,butler,moses,13,mudcrab,21,m,
BU2,8/6/19,butler,moses,13,mudcrab,25,m,
BU2,8/6/19,butler,moses,16,mudcrab,20,m,
BU2,8/6/19,butler,moses,16,mudcrab,25,gf,
BU2,8/6/19,butler,moses,16,mudcrab,26,m,
BU2,8/6/19,butler,moses,16,mudcrab,20,m,
BU2,8/6/19,butler,moses,16,mudcrab,18,f,
BU2,8/6/19,butler,moses,16,mudcrab,22,f,
BU2,8/6/19,butler,moses,16,mudcrab,25,m,
BU2,8/6/19,butler,moses,16,mudcrab,28,gf,
BU2,8/6/19,butler,moses,16,mudcrab,20,f,
BU2,8/6/19,butler,moses,19,mudcrab,17,m,
BU2,8/6/19,butler,moses,19,mudcrab,23,f,
BU2,8/6/19,butler,moses,19,mudcrab,13,m,
BU2,8/6/19,butler,moses,19,mudcrab,24,m,
BU2,8/6/19,butler,moses,19,mudcrab,18,m,
MT3,8/8/19,matanzas,tradewinds,8,mudcrab,20,f,did not collect any crabs
MT3,8/8/19,matanzas,tradewinds,8,mudcrab,17,m,did not collect any crabs
MT3,8/8/19,matanzas,tradewinds,15,mudcrab,24,f,did not collect any crabs
MT3,8/8/19,matanzas,tradewinds,15,mudcrab,18,m,did not collect any crabs
MT3,8/8/19,matanzas,tradewinds,15,mudcrab,24,m,did not collect any crabs
MT3,8/8/19,matanzas,tradewinds,15,mudcrab,17,m,did not collect any crabs
MT3,8/8/19,matanzas,tradewinds,22,mudcrab,40,m,
MT3,8/8/19,matanzas,tradewinds,22,mudcrab,17,m,
MT3,8/8/19,matanzas,tradewinds,22,mudcrab,16,m,
MT3,8/8/19,matanzas,tradewinds,22,mudcrab,20,m,
MT3,8/8/19,matanzas,tradewinds,22,mudcrab,18,m,
MT3,8/8/19,matanzas,tradewinds,22,mudcrab,20,m,
MT3,8/8/19,matanzas,tradewinds,22,mudcrab,19,gf,
MT3,8/8/19,matanzas,tradewinds,22,mudcrab,18,m,
MT3,8/8/19,matanzas,tradewinds,22,mudcrab,19,f,
MT3,8/8/19,matanzas,tradewinds,22,mudcrab,19,f,
MT3,8/8/19,matanzas,tradewinds,29,mudcrab,29,m,
MT3,8/8/19,matanzas,tradewinds,29,mudcrab,19,f,
MT3,8/8/19,matanzas,tradewinds,29,mudcrab,22,f,
MT3,8/8/19,matanzas,tradewinds,29,mudcrab,22,f,
MT3,8/8/19,matanzas,tradewinds,29,mudcrab,21,m,
MT3,8/8/19,matanzas,tradewinds,29,mudcrab,15,f,
MT3,8/8/19,matanzas,tradewinds,29,mudcrab,20,m,
MT3,8/8/19,matanzas,tradewinds,29,mudcrab,15,f,
MT3,8/8/19,matanzas,tradewinds,29,mudcrab,20,f,
MT3,8/8/19,matanzas,tradewinds,29,mudcrab,14,m,
MT3,8/8/19,matanzas,tradewinds,29,mudcrab,16,m,
MT3,8/8/19,matanzas,tradewinds,29,mudcrab,19,f,
MT3,8/8/19,matanzas,tradewinds,29,mudcrab,22,m,
MT3,8/8/19,matanzas,tradewinds,29,mudcrab,14,m,
MT3,8/8/19,matanzas,tradewinds,29,mudcrab,15,m,
MT3,8/8/19,matanzas,tradewinds,36,mudcrab,18,m,
MT3,8/8/19,matanzas,tradewinds,36,mudcrab,26,f,
MT3,8/8/19,matanzas,tradewinds,36,mudcrab,14,m,
MT3,8/8/19,matanzas,tradewinds,43,mudcrab,30,m,
MT3,8/8/19,matanzas,tradewinds,43,mudcrab,20,m,
MT3,8/8/19,matanzas,tradewinds,43,mudcrab,17,f,
MT3,8/8/19,matanzas,tradewinds,43,mudcrab,19,m,
MT3,8/8/19,matanzas,tradewinds,43,mudcrab,14,m,
MT3,8/8/19,matanzas,tradewinds,43,mudcrab,19,m,
MT3,8/8/19,matanzas,tradewinds,43,mudcrab,18,f,
MT3,8/8/19,matanzas,tradewinds,43,mudcrab,11,f,
SR3,8/8/19,salt.non,none,6,mudcrab,23,m,did not collect any crabs
SR3,8/8/19,salt.non,none,6,mudcrab,14,m,did not collect any crabs
SR3,8/8/19,salt.non,none,6,mudcrab,14,gf,did not collect any crabs
SR3,8/8/19,salt.non,none,6,mudcrab,23,m,did not collect any crabs
SR3,8/8/19,salt.non,none,6,mudcrab,18,m,did not collect any crabs
SR3,8/8/19,salt.non,none,6,mudcrab,16,gf,did not collect any crabs
SR3,8/8/19,salt.non,none,11,mudcrab,27,f,
SR3,8/8/19,salt.non,none,11,mudcrab,24,f,
SR3,8/8/19,salt.non,none,11,mudcrab,18,f,
SR3,8/8/19,salt.non,none,11,mudcrab,22,f,
SR3,8/8/19,salt.non,none,11,mudcrab,17,gf,
SR3,8/8/19,salt.non,none,11,mudcrab,15,m,
SR3,8/8/19,salt.non,none,11,mudcrab,19,f,
SR3,8/8/19,salt.non,none,16,mudcrab,18,f,
SR3,8/8/19,salt.non,none,16,mudcrab,36,m,
SR3,8/8/19,salt.non,none,16,mudcrab,21,m,
SR3,8/8/19,salt.non,none,16,mudcrab,25,m,
SR3,8/8/19,salt.non,none,16,mudcrab,25,f,
SR3,8/8/19,salt.non,none,16,mudcrab,24,f,
SR3,8/8/19,salt.non,none,21,mudcrab,18,f,did not collect any crabs
SR3,8/8/19,salt.non,none,21,mudcrab,23,m,did not collect any crabs
SR3,8/8/19,salt.non,none,21,mudcrab,20,f,did not collect any crabs
SR3,8/8/19,salt.non,none,21,mudcrab,15,f,did not collect any crabs
SR3,8/8/19,salt.non,none,21,mudcrab,12,m,did not collect any crabs
SR3,8/8/19,salt.non,none,21,mudcrab,20,f,did not collect any crabs
SR3,8/8/19,salt.non,none,26,mudcrab,24,m,did not collect any crabs
SR3,8/8/19,salt.non,none,26,mudcrab,21,f,did not collect any crabs
SR3,8/8/19,salt.non,none,26,mudcrab,15,f,did not collect any crabs
SR3,8/8/19,salt.non,none,31,mudcrab,28,f,
SR3,8/8/19,salt.non,none,31,mudcrab,27,m,
SR3,8/8/19,salt.non,none,31,mudcrab,24,f,
SR3,8/8/19,salt.non,none,31,mudcrab,17,gf,
SR3,8/8/19,salt.non,none,31,mudcrab,18,m,
SR3,8/8/19,salt.non,none,31,mudcrab,18,f,
BU2,8/9/19,butler,moses,3,mudcrab,18,f,
BU2,8/9/19,butler,moses,3,mudcrab,17,m,
BU2,8/9/19,butler,moses,3,mudcrab,28,m,
BU2,8/9/19,butler,moses,3,mudcrab,17,f,
BU2,8/9/19,butler,moses,3,mudcrab,21,m,
BU2,8/9/19,butler,moses,3,mudcrab,23,m,
BU2,8/9/19,butler,moses,3,mudcrab,24,f,
BU2,8/9/19,butler,moses,3,mudcrab,21,f,
BU2,8/9/19,butler,moses,3,mudcrab,21,m,
BU2,8/9/19,butler,moses,3,mudcrab,16,f,
BU2,8/9/19,butler,moses,3,mudcrab,19,m,
BU2,8/9/19,butler,moses,3,mudcrab,18,m,
BU2,8/9/19,butler,moses,3,mudcrab,19,f,
BU2,8/9/19,butler,moses,3,mudcrab,16,gf,
BU2,8/9/19,butler,moses,5,mudcrab,22,f,
BU2,8/9/19,butler,moses,5,mudcrab,21,f,
BU2,8/9/19,butler,moses,5,mudcrab,19,gf,
BU2,8/9/19,butler,moses,5,mudcrab,24,m,
BU2,8/9/19,butler,moses,5,mudcrab,31,m,
BU2,8/9/19,butler,moses,5,mudcrab,16,m,
BU2,8/9/19,butler,moses,5,mudcrab,28,m,
BU2,8/9/19,butler,moses,5,mudcrab,17,gf,
BU2,8/9/19,butler,moses,5,mudcrab,32,gf,
BU2,8/9/19,butler,moses,5,mudcrab,28,f,
BU2,8/9/19,butler,moses,5,mudcrab,17,f,
BU2,8/9/19,butler,moses,5,mudcrab,20,m,
BU2,8/9/19,butler,moses,5,mudcrab,13,f,
BU2,8/9/19,butler,moses,5,mudcrab,21,f,
BU2,8/9/19,butler,moses,5,mudcrab,14,f,
BU2,8/9/19,butler,moses,5,mudcrab,24,m,
BU2,8/9/19,butler,moses,5,mudcrab,21,m,
BU2,8/9/19,butler,moses,7,mudcrab,29,m,
BU2,8/9/19,butler,moses,7,mudcrab,19,m,
BU2,8/9/19,butler,moses,7,mudcrab,24,f,
BU2,8/9/19,butler,moses,7,mudcrab,13,m,
BU2,8/9/19,butler,moses,7,mudcrab,23,m,
BU2,8/9/19,butler,moses,7,mudcrab,24,m,
BU2,8/9/19,butler,moses,7,mudcrab,15,m,
BU2,8/9/19,butler,moses,7,mudcrab,15,gf,
BU2,8/9/19,butler,moses,7,mudcrab,24,m,
BU2,8/9/19,butler,moses,7,mudcrab,21,m,
BU2,8/9/19,butler,moses,7,mudcrab,15,m,
BU2,8/9/19,butler,moses,7,mudcrab,21,m,
BU2,8/9/19,butler,moses,7,mudcrab,20,m,
BU2,8/9/19,butler,moses,7,mudcrab,18,m,
BU2,8/9/19,butler,moses,9,mudcrab,38,m,
BU2,8/9/19,butler,moses,9,mudcrab,21,m,
BU2,8/9/19,butler,moses,9,mudcrab,31,m,
BU2,8/9/19,butler,moses,9,mudcrab,,f,
BU2,8/9/19,butler,moses,9,mudcrab,27,m,
BU2,8/9/19,butler,moses,9,mudcrab,23,m,
BU2,8/9/19,butler,moses,9,mudcrab,21,m,
BU2,8/9/19,butler,moses,9,mudcrab,23,f,
BU2,8/9/19,butler,moses,9,mudcrab,19,f,
BU2,8/9/19,butler,moses,9,mudcrab,18,f,
BU2,8/9/19,butler,moses,11,mudcrab,30,m,
BU2,8/9/19,butler,moses,11,mudcrab,19,f,
BU2,8/9/19,butler,moses,11,mudcrab,14,m,
BU2,8/9/19,butler,moses,11,mudcrab,28,f,
BU2,8/9/19,butler,moses,11,mudcrab,18,f,
BU2,8/9/19,butler,moses,11,mudcrab,10,f,
BU2,8/9/19,butler,moses,11,mudcrab,24,f,
BU2,8/9/19,butler,moses,11,mudcrab,19,m,
BU2,8/9/19,butler,moses,11,mudcrab,22,m,
BU2,8/9/19,butler,moses,11,mudcrab,17,gf,
BU2,8/9/19,butler,moses,11,mudcrab,16,f,
BU2,8/9/19,butler,moses,11,mudcrab,18,f,
BU2,8/9/19,butler,moses,11,mudcrab,24,m,
BU2,8/9/19,butler,moses,11,mudcrab,27,m,
BU2,8/9/19,butler,moses,11,mudcrab,19,m,
BU2,8/9/19,butler,moses,11,mudcrab,21,m,
BU2,8/9/19,butler,moses,11,mudcrab,21,gf,
BU2,8/9/19,butler,moses,13,mudcrab,24,m,
BU2,8/9/19,butler,moses,13,mudcrab,,gf,
BU2,8/9/19,butler,moses,13,mudcrab,30,f,
BU2,8/9/19,butler,moses,13,mudcrab,20,gf,
BU2,8/9/19,butler,moses,13,mudcrab,23,m,
BU2,8/9/19,butler,moses,13,mudcrab,21,f,
BU2,8/9/19,butler,moses,13,mudcrab,20,,
BU2,8/9/19,butler,moses,13,mudcrab,23,f,
BU2,8/9/19,butler,moses,13,mudcrab,25,f,
BU2,8/9/19,butler,moses,13,mudcrab,22,m,
BU2,8/9/19,butler,moses,13,mudcrab,16,m,
BU2,8/9/19,butler,moses,13,mudcrab,16,f,
BU2,8/9/19,butler,moses,13,mudcrab,26,m,
BU2,8/9/19,butler,moses,13,mudcrab,21,f,
BU2,8/9/19,butler,moses,13,mudcrab,20,m,
BU2,8/9/19,butler,moses,13,mudcrab,16,f,
BU2,8/9/19,butler,moses,13,mudcrab,20,f,
BU2,8/9/19,butler,moses,13,mudcrab,17,f,
SA3,8/9/19,st.aug,none,5,mudcrab,26,gf,
SA3,8/9/19,st.aug,none,5,mudcrab,32,m,
SA3,8/9/19,st.aug,none,5,mudcrab,24,m,
SA3,8/9/19,st.aug,none,5,mudcrab,20,f,
SA3,8/9/19,st.aug,none,5,mudcrab,26,m,
SA3,8/9/19,st.aug,none,5,mudcrab,26,m,
SA3,8/9/19,st.aug,none,5,mudcrab,28,gf,
SA3,8/9/19,st.aug,none,5,mudcrab,22,f,
SA3,8/9/19,st.aug,none,5,mudcrab,23,f,
SA3,8/9/19,st.aug,none,5,mudcrab,23,m,
SA3,8/9/19,st.aug,none,5,mudcrab,16,f,
SA3,8/9/19,st.aug,none,5,mudcrab,16,f,
SA3,8/9/19,st.aug,none,5,mudcrab,19,f,
SA3,8/9/19,st.aug,none,5,mudcrab,18,f,
SA3,8/9/19,st.aug,none,9,mudcrab,30,m,
SA3,8/9/19,st.aug,none,9,mudcrab,22,gf,
SA3,8/9/19,st.aug,none,9,mudcrab,19,m,
SA3,8/9/19,st.aug,none,13,mudcrab,31,gf,
SA3,8/9/19,st.aug,none,13,mudcrab,28,gf,
SA3,8/9/19,st.aug,none,13,mudcrab,29,m,
SA3,8/9/19,st.aug,none,13,mudcrab,31,m,
SA3,8/9/19,st.aug,none,13,mudcrab,23,f,
SA3,8/9/19,st.aug,none,13,mudcrab,18,m,
SA3,8/9/19,st.aug,none,17,mudcrab,20,m,
SA3,8/9/19,st.aug,none,17,mudcrab,17,f,
SA3,8/9/19,st.aug,none,17,mudcrab,24,m,
SA3,8/9/19,st.aug,none,21,mudcrab,18,gf,
SA3,8/9/19,st.aug,none,21,mudcrab,23,gf,
SA3,8/9/19,st.aug,none,21,mudcrab,27,gf,
SA3,8/9/19,st.aug,none,21,mudcrab,27,m,
SA3,8/9/19,st.aug,none,21,mudcrab,26,m,
SA3,8/9/19,st.aug,none,21,mudcrab,21,m,
SA3,8/9/19,st.aug,none,21,mudcrab,17,m,
SA3,8/9/19,st.aug,none,25,mudcrab,19,f,
SA3,8/9/19,st.aug,none,25,mudcrab,30,m,
SA3,8/9/19,st.aug,none,25,mudcrab,33,m,
SA3,8/9/19,st.aug,none,25,mudcrab,33,m,
SA3,8/9/19,st.aug,none,25,mudcrab,21,gf,